;seq_name;dr_match_name;replicate;dna_type;seq_depth;plate.id;year;season;sampling.date;lat;long;sample.type.year;site.name;sample.name;series;campaign;julian.day;sample.type;Season;LibrarySize
HW24D;HW24D;HW24;1;DNA;Shallow;5;2016;Spring;2016-06-10;51.21285;-63.92264;Hyporheic;NA;HW24;NA;1;162;Hyporheic;Spring;16582
HW24R;HW24R;HW24;1;cDNA;Shallow;6;2016;Spring;2016-06-10;51.21285;-63.92264;Hyporheic;NA;HW24;NA;1;162;Hyporheic;Spring;51131
HW25D;HW25D;HW25;1;DNA;Shallow;5;2016;Spring;2016-06-10;51.20954;-63.42093;Hyporheic;NA;HW25;NA;1;162;Hyporheic;Spring;36801
HW25R;HW25R;HW25;1;cDNA;Shallow;6;2016;Spring;2016-06-10;51.20954;-63.42093;Hyporheic;NA;HW25;NA;1;162;Hyporheic;Spring;33220
HW26D;HW26D;HW26;1;DNA;Shallow;5;2016;Spring;2016-06-11;51.36657;-63.87721;Hyporheic;NA;HW26;NA;1;163;Hyporheic;Spring;38677
HW26R;HW26R;HW26;1;cDNA;Shallow;6;2016;Spring;2016-06-11;51.36657;-63.87721;Hyporheic;NA;HW26;NA;1;163;Hyporheic;Spring;9009
HW27D;HW27D;HW27;1;DNA;Shallow;5;2016;Spring;2016-06-11;51.36616;-63.87573;Hyporheic;NA;HW27;NA;1;163;Hyporheic;Spring;47111
HW27R;HW27R;HW27;1;cDNA;Shallow;6;2016;Spring;2016-06-11;51.36616;-63.87573;Hyporheic;NA;HW27;NA;1;163;Hyporheic;Spring;27306
HW28D;HW28D;HW28;1;DNA;Shallow;6;2016;Spring;2016-06-12;51.20215;-63.92329;Hyporheic;NA;HW28;NA;1;164;Hyporheic;Spring;47104
HW28R;HW28R;HW28;1;cDNA;Shallow;6;2016;Spring;2016-06-12;51.20215;-63.92329;Hyporheic;NA;HW28;NA;1;164;Hyporheic;Spring;7493
HW30D;HW30D;HW30;1;DNA;Shallow;6;2016;Spring;2016-06-12;51.18623;-63.93188;Hyporheic;NA;HW30;NA;1;164;Hyporheic;Spring;25285
HW30R;HW30R;HW30;1;cDNA;Shallow;6;2016;Spring;2016-06-12;51.18623;-63.93188;Hyporheic;NA;HW30;NA;1;164;Hyporheic;Spring;17898
HW31D;HW31D;HW31;1;DNA;Shallow;6;2016;Spring;2016-06-15;51.30344;-63.86294;Hyporheic;NA;HW31;NA;1;167;Hyporheic;Spring;32801
HW31R;HW31R;HW31;1;cDNA;Shallow;7;2016;Spring;2016-06-15;51.30344;-63.86294;Hyporheic;NA;HW31;NA;1;167;Hyporheic;Spring;24107
HW32D;HW32D;HW32;1;DNA;Shallow;5;2016;Spring;2016-06-13;51.30254;-63.87091;Hyporheic;NA;HW32;NA;1;165;Hyporheic;Spring;35287
HW32R;HW32R;HW32;1;cDNA;Shallow;7;2016;Spring;2016-06-13;51.30254;-63.87091;Hyporheic;NA;HW32;NA;1;165;Hyporheic;Spring;27324
HW33D;HW33D;HW33;1;DNA;Shallow;5;2016;Summer;2016-08-04;51.36618;-63.87583;Hyporheic;NA;HW33;NA;2;217;Hyporheic;Summer;44941
HW34D;HW34D;HW34;1;DNA;Shallow;5;2016;Summer;2016-08-04;51.36654;-63.87719;Hyporheic;NA;HW34;NA;2;217;Hyporheic;Summer;22920
HW34R;HW34R;HW34;1;cDNA;Shallow;7;2016;Summer;2016-08-04;51.36654;-63.87719;Hyporheic;NA;HW34;NA;2;217;Hyporheic;Summer;47625
HW35D;HW35D;HW35;1;DNA;Shallow;5;2016;Summer;2016-08-05;51.21284;-63.92261;Hyporheic;NA;HW35;NA;2;218;Hyporheic;Summer;33466
HW35R;HW35R;HW35;1;cDNA;Shallow;7;2016;Summer;2016-08-05;51.21284;-63.92261;Hyporheic;NA;HW35;NA;2;218;Hyporheic;Summer;56577
HW36D;HW36D;HW36;1;DNA;Shallow;5;2016;Summer;2016-08-05;51.2095;-63.92092;Hyporheic;NA;HW36;NA;2;218;Hyporheic;Summer;40447
HW36R;HW36R;HW36;1;cDNA;Shallow;7;2016;Summer;2016-08-05;51.2095;-63.92092;Hyporheic;NA;HW36;NA;2;218;Hyporheic;Summer;25595
HW37D;HW37D;HW37;1;DNA;Shallow;5;2016;Summer;2016-08-07;51.20212;-63.9233;Hyporheic;NA;HW37;NA;2;220;Hyporheic;Summer;42851
HW37R;HW37R;HW37;1;cDNA;Shallow;7;2016;Summer;2016-08-07;51.20212;-63.9233;Hyporheic;NA;HW37;NA;2;220;Hyporheic;Summer;49093
HW40D;HW40D;HW40;1;DNA;Shallow;5;2016;Summer;2016-08-09;51.303572;-63.869197;Hyporheic;NA;HW40;NA;2;222;Hyporheic;Summer;43262
HW40R;HW40R;HW40;1;cDNA;Shallow;7;2016;Summer;2016-08-09;51.303572;-63.869197;Hyporheic;NA;HW40;NA;2;222;Hyporheic;Summer;23901
HW42D;HW42D;HW42;1;DNA;Shallow;5;2016;Summer;2016-08-10;51.30536;-63.8649;Hyporheic;NA;HW42;NA;2;223;Hyporheic;Summer;31484
HW42R;HW42R;HW42;1;cDNA;Shallow;7;2016;Summer;2016-08-10;51.30536;-63.8649;Hyporheic;NA;HW42;NA;2;223;Hyporheic;Summer;14360
HW43D;HW43D;HW43;1;DNA;Shallow;5;2016;Summer;2016-08-10;51.30408;-63.85194;Hyporheic;NA;HW43;NA;2;223;Hyporheic;Summer;37315
L313-s2-D;L313-s2-D;L313;2;DNA;Shallow;1;2015;Spring;2015-06-16;51.18194;-63.92686;PRLake;LPR-01;L313;L;1;167;PRLake;Spring;13757
L314-s2-D;L314-s2-D;L314;2;DNA;Shallow;1;2015;Spring;2015-06-17;51.17814;-63.92364;PRLake;LPR-02;L314;L;1;168;PRLake;Spring;16460
L315-s2-D;L315-s2-D;L315;2;DNA;Shallow;1;2015;Spring;2015-06-17;51.18145;-63.89828;PRLake;LPR-03;L315;L;1;168;PRLake;Spring;9629
L316-s2-D;L316-s2-D;L316;2;DNA;Shallow;1;2015;Spring;2015-06-17;51.18873;-63.90278;PRLake;LPR-04;L316;L;1;168;PRLake;Spring;9399
L317-s2-D;L317-s2-D;L317;2;DNA;Shallow;1;2015;Spring;2015-06-17;51.18144;-63.92325;PRLake;LPR-05;L317;L;1;168;PRLake;Spring;15622
L318-s2-D;L318-s2-D;L318;2;DNA;Shallow;1;2015;Spring;2015-06-17;50.22601;-63.91127;IslandLake;LI-01;L318;L;1;168;IslandLake;Spring;9024
L319-s2-D;L319-s2-D;L319;2;DNA;Shallow;1;2015;Spring;2015-06-17;50.21503;-63.89979;IslandLake;LI-02;L319;L;1;168;IslandLake;Spring;5356
L320-s2-D;L320-s2-D;L320;2;DNA;Shallow;1;2015;Spring;2015-06-17;50.21899;-63.82191;IslandLake;LI-03;L320;L;1;168;IslandLake;Spring;14290
L321D;L321D;L321;1;DNA;Shallow;1;2015;Summer;2015-08-04;50.21899;-63.82191;IslandLake;LI-03;L321;L;2;216;IslandLake;Summer;20681
L322D;L322D;L322;1;DNA;Shallow;1;2015;Summer;2015-08-04;50.21503;-63.89979;IslandLake;LI-02;L322;L;2;216;IslandLake;Summer;35493
L323D;L323D;L323;1;DNA;Shallow;1;2015;Summer;2015-08-07;51.18145;-63.92259;PRLake;LPR-05;L323;L;2;219;PRLake;Summer;18842
L324D;L324D;L324;1;DNA;Shallow;1;2015;Summer;2015-08-07;51.18139;-63.89829;PRLake;LPR-03;L324;L;2;219;PRLake;Summer;23860
L325D;L325D;L325;1;DNA;Shallow;1;2015;Summer;2015-08-07;51.17887;-63.92581;PRLake;LPR-02;L325;L;2;219;PRLake;Summer;17097
L326D;L326D;L326;1;DNA;Shallow;1;2015;Summer;2015-08-07;51.18167;-63.92587;PRLake;LPR-01;L326;L;2;219;PRLake;Summer;16671
L327D;L327D;L327;1;DNA;Shallow;1;2015;Summer;2015-08-07;51.18924;-63.90315;PRLake;LPR-04;L327;L;2;219;PRLake;Summer;21069
L3281D;L3281D;L3281;1;DNA;Shallow;6;2016;Spring;2016-06-12;50.57727;-63.46136;Lake;NA;L328_1;L;1;164;Lake;Spring;52543
L3281R;L3281R;L3281;1;cDNA;Shallow;6;2016;Spring;2016-06-12;50.57727;-63.46136;Lake;NA;L328_1;L;1;164;Lake;Spring;16715
L3282R;L3282R;L3282;1;cDNA;Shallow;6;2016;Spring;2016-06-12;50.46541;-63.57906;Lake;NA;L328_2;L;1;164;Lake;Spring;54166
L3291D;L3291D;L3291;1;DNA;Shallow;5;2016;Spring;2016-06-12;50.5621;-63.30718;Lake;NA;L329_1;L;1;164;Lake;Spring;42115
L3291R;L3291R;L3291;1;cDNA;Shallow;6;2016;Spring;2016-06-12;50.5621;-63.30718;Lake;NA;L329_1;L;1;164;Lake;Spring;51029
L3292D;L3292D;L3292;1;DNA;Shallow;5;2016;Spring;2016-06-12;50.47179;-63.42405;Lake;NA;L329_2;L;1;164;Lake;Spring;63234
L3292R;L3292R;L3292;1;cDNA;Shallow;6;2016;Spring;2016-06-12;50.47179;-63.42405;Lake;NA;L329_2;L;1;164;Lake;Spring;39120
L330-s2-D;L330-s2-D;L330;2;DNA;Shallow;5;2016;Summer;2016-08-05;51.18157;-63.92587;Lake;NA;L330_C2;L;2;218;Lake;Summer;63941
L330.C1R;L330.C1R;L330.C1;1;cDNA;Shallow;7;2016;Spring;2016-06-13;NA;NA;Lake;NA;L330_C1;L;1;165;Lake;Spring;99822
L330CM1R;L330CM1R;L330CM1;1;cDNA;Shallow;7;2016;Summer;2016-08-05;51.18157;-63.92587;Sediment;NA;NA;NA;2;218;Sediment;Summer;17914
L330CM2D;L330CM2D;L330CM2;1;DNA;Shallow;7;2016;Summer;2016-08-05;51.18157;-63.92587;Sediment;NA;NA;NA;2;218;Sediment;Summer;24648
L330CM2R;L330CM2R;L330CM2;1;cDNA;Shallow;7;2016;Summer;2016-08-05;51.18157;-63.92587;Sediment;NA;NA;NA;2;218;Sediment;Summer;30776
L330CM3D;L330CM3D;L330CM3;1;DNA;Shallow;7;2016;Summer;2016-08-05;51.18157;-63.92587;Sediment;NA;NA;NA;2;218;Sediment;Summer;6348
L330R;L330R;L330;1;cDNA;Shallow;7;2016;Summer;2016-08-05;51.18157;-63.92587;Lake;NA;L330_C2;L;2;218;Lake;Summer;38033
L331D;L331D;L331;1;DNA;Shallow;5;2016;Summer;2016-08-05;51.18164;-63.92405;Lake;NA;L331;L;2;218;Lake;Summer;59650
L331R;L331R;L331;1;cDNA;Shallow;7;2016;Summer;2016-08-05;51.18164;-63.92405;Lake;NA;L331;L;2;218;Lake;Summer;80975
L331SD;L331SD;L331S;1;DNA;Shallow;7;2016;Summer;2016-08-05;51.18164;-63.92405;Sediment;NA;NA;NA;2;218;Sediment;Summer;13072
L331SR;L331SR;L331S;1;cDNA;Shallow;7;2016;Summer;2016-08-05;51.18164;-63.92405;Sediment;NA;NA;NA;2;218;Sediment;Summer;12123
L332D;L332D;L332;1;DNA;Shallow;5;2016;Summer;2016-08-11;51.18935;-63.90314;Lake;NA;L332;L;2;224;Lake;Summer;45440
L332R;L332R;L332;1;cDNA;Shallow;7;2016;Summer;2016-08-11;51.18935;-63.90314;Lake;NA;L332;L;2;224;Lake;Summer;37408
L332SD;L332SD;L332S;1;DNA;Shallow;7;2016;Summer;2016-08-11;51.18935;-63.90314;Sediment;NA;NA;NA;2;224;Sediment;Summer;25165
L332SR;L332SR;L332S;1;cDNA;Shallow;7;2016;Summer;2016-08-11;51.18935;-63.90314;Sediment;NA;NA;NA;2;224;Sediment;Summer;42892
L333D;L333D;L333;1;DNA;Shallow;5;2016;Summer;2016-08-11;51.18164;-63.89855;Lake;NA;L333;L;2;224;Lake;Summer;58564
L333R;L333R;L333;1;cDNA;Shallow;7;2016;Summer;2016-08-11;51.18164;-63.89855;Lake;NA;L333;L;2;224;Lake;Summer;50491
L334D;L334D;L334;1;DNA;Shallow;5;2016;Summer;2016-08-11;51.19883;-63.90014;Lake;NA;L334;L;2;224;Lake;Summer;56503
L334R;L334R;L334;1;cDNA;Shallow;7;2016;Summer;2016-08-11;51.19883;-63.90014;Lake;NA;L334;L;2;224;Lake;Summer;61199
L3351D;L3351D;L3351;1;DNA;Shallow;5;2016;Summer;2016-08-12;50.58389;-63.46034;Lake;NA;L335.1;L;2;225;Lake;Summer;36878
L3362D;L3362D;L3362;1;DNA;Shallow;5;2016;Summer;2016-08-12;50.51064;-63.41678;Lake;NA;L336.2;L;2;225;Lake;Summer;52291
L349D;L349D;L349;1;DNA;Shallow;11;2017;Autumn;2017-10-07;50.98998;-63.21911;Lake;NA;L349;L;3;280;Lake;Autumn;51113
L349R;L349R;L349;1;cDNA;Shallow;12;2017;Autumn;2017-10-07;50.98998;-63.21911;Lake;NA;L349;L;3;280;Lake;Autumn;25620
LR01-s2-D;LR01-s2-D;LR01;2;DNA;Shallow;1;2015;Spring;2015-06-07;50.3808166666667;-63.2654833333333;Downriver;NA;LR01;LR;1;158;River;Spring;19386
LR03-s2-D;LR03-s2-D;LR03;2;DNA;Shallow;1;2015;Spring;2015-06-08;50.6206;-63.17048;Downriver;ROM-081.60;LR03;LR;1;158;River;Spring;20070
LR05-s2-D;LR05-s2-D;LR05;2;DNA;Shallow;1;2015;Spring;2015-06-09;50.53663;-63.22217;Downriver;ROM-071.71;LR05;LR;1;160;River;Spring;21218
LR06-s2-D;LR06-s2-D;LR06;2;DNA;Shallow;1;2015;Spring;2015-06-10;50.31046;-63.6461;Downriver;ROM-014.27;LR06;LR;1;161;River;Spring;17698
LR09-s2-D;LR09-s2-D;LR09;2;DNA;Shallow;1;2015;Spring;2015-06-11;51.15221;-63.39813;Upriver;ROM-161.16;LR09.1;LR;1;162;River;Spring;16413
LR10-s2-D;LR10-s2-D;LR10;2;DNA;Shallow;1;2015;Spring;2015-06-14;52.27356;-63.77532;HeadwaterLakes;ROM-351.50;LR10;LR;1;165;HeadwaterLakes;Spring;18905
LR113D;LR113D;LR113;1;DNA;Shallow;11;2017;Summer;2017-08-09;52.3521241188954;-63.9812450963776;HeadwaterLakes;NA;LR113;LR;2;221;HeadwaterLakes;Summer;42761
LR113R;LR113R;LR113;1;cDNA;Shallow;12;2017;Summer;2017-08-09;52.3521241188954;-63.9812450963776;HeadwaterLakes;NA;LR113;LR;2;221;HeadwaterLakes;Summer;72919
LR116D;LR116D;LR116;1;DNA;Shallow;11;2017;Summer;2017-08-09;52.0589174319258;-63.8435444580924;Upriver;NA;LR116;LR;2;221;River;Summer;56959
LR116R;LR116R;LR116;1;cDNA;Shallow;12;2017;Summer;2017-08-09;52.0589174319258;-63.8435444580924;Upriver;NA;LR116;LR;2;221;River;Summer;66142
LR12-s2-D;LR12-s2-D;LR12;2;DNA;Shallow;1;2015;Spring;2015-06-14;52.35785;-64.00396;HeadwaterLakes;ROM-368.71;LR12;LR;1;165;HeadwaterLakes;Spring;15677
LR120D;LR120D;LR120;1;DNA;Shallow;11;2017;Summer;2017-08-12;51.3763394609061;-63.5729518730552;Upriver;NA;LR120;LR;2;224;River;Summer;71227
LR120R;LR120R;LR120;1;cDNA;Shallow;12;2017;Summer;2017-08-12;51.3763394609061;-63.5729518730552;Upriver;NA;LR120;LR;2;224;River;Summer;40389
LR121D;LR121D;LR121;1;DNA;Shallow;11;2017;Summer;2017-08-17;50.3041661760171;-63.5958847693471;Downriver;NA;LR121;LR;2;229;River;Summer;87563
LR121R;LR121R;LR121;1;cDNA;Shallow;12;2017;Summer;2017-08-17;50.3041661760171;-63.5958847693471;Downriver;NA;LR121;LR;2;229;River;Summer;51687
LR122D;LR122D;LR122;1;DNA;Shallow;11;2017;Summer;2017-08-17;50.3156978904738;-63.4630805649971;Downriver;NA;LR122;LR;2;229;River;Summer;58725
LR122R;LR122R;LR122;1;cDNA;Shallow;12;2017;Summer;2017-08-17;50.3156978904738;-63.4630805649971;Downriver;NA;LR122;LR;2;229;River;Summer;42913
LR123D;LR123D;LR123;1;DNA;Shallow;11;2017;Summer;2017-08-18;50.3245;-63.36677;Downriver;NA;LR123;LR;2;230;River;Summer;49111
LR123R;LR123R;LR123;1;cDNA;Shallow;12;2017;Summer;2017-08-18;50.3245;-63.36677;Downriver;NA;LR123;LR;2;230;River;Summer;43570
LR125D;LR125D;LR125;1;DNA;Shallow;11;2017;Summer;2017-08-18;50.38229;-63.26742;Downriver;NA;LR125;LR;2;230;River;Summer;45746
LR125R;LR125R;LR125;1;cDNA;Shallow;12;2017;Summer;2017-08-18;50.38229;-63.26742;Downriver;NA;LR125;LR;2;230;River;Summer;38141
LR126D;LR126D;LR126;1;DNA;Shallow;11;2017;Summer;2017-08-18;50.31345;-63.77851;Downriver;NA;LR126;LR;2;230;River;Summer;68467
LR126R;LR126R;LR126;1;cDNA;Shallow;12;2017;Summer;2017-08-18;50.31345;-63.77851;Downriver;NA;LR126;LR;2;230;River;Summer;61548
LR127D;LR127D;LR127;1;DNA;Shallow;11;2017;Summer;2017-08-18;50.3097;-63.62239;Downriver;NA;LR127;LR;2;230;River;Summer;91518
LR127R;LR127R;LR127;1;cDNA;Shallow;12;2017;Summer;2017-08-18;50.3097;-63.62239;Downriver;NA;LR127;LR;2;230;River;Summer;69203
LR128D;LR128D;LR128;1;DNA;Shallow;11;2017;Autumn;2017-10-04;51.90361;-63.81292;Upriver;NA;LR128;LR;3;277;River;Autumn;119747
LR128R;LR128R;LR128;1;cDNA;Shallow;12;2017;Autumn;2017-10-04;51.90361;-63.81292;Upriver;NA;LR128;LR;3;277;River;Autumn;50817
LR13-s2-D;LR13-s2-D;LR13;2;DNA;Shallow;1;2015;Spring;2015-06-14;52.05514;-63.69982;HeadwaterLakes;ROM-321.64;LR13;LR;1;165;HeadwaterLakes;Spring;16564
LR131D;LR131D;LR131;1;DNA;Shallow;11;2017;Autumn;2017-10-04;51.37579;-63.572;Upriver;NA;LR131;LR;3;277;River;Autumn;56286
LR131R;LR131R;LR131;1;cDNA;Shallow;12;2017;Autumn;2017-10-04;51.37579;-63.572;Upriver;NA;LR131;LR;3;277;River;Autumn;58008
LR134D;LR134D;LR134;1;DNA;Shallow;11;2017;Autumn;2017-10-05;52.08962;-63.84148;HeadwaterLakes;NA;LR134;LR;3;278;HeadwaterLakes;Autumn;48097
LR134R;LR134R;LR134;1;cDNA;Shallow;12;2017;Autumn;2017-10-05;52.08962;-63.84148;HeadwaterLakes;NA;LR134;LR;3;278;HeadwaterLakes;Autumn;37256
LR137D;LR137D;LR137;1;DNA;Shallow;11;2017;Autumn;2017-10-06;50.31519;-63.7739;Downriver;NA;LR137;LR;3;279;River;Autumn;51155
LR137R;LR137R;LR137;1;cDNA;Shallow;12;2017;Autumn;2017-10-06;50.31519;-63.7739;Downriver;NA;LR137;LR;3;279;River;Autumn;32487
LR138D;LR138D;LR138;1;DNA;Shallow;11;2017;Autumn;2017-10-07;50.32291;-63.36678;Downriver;NA;LR138;LR;3;280;River;Autumn;40885
LR138R;LR138R;LR138;1;cDNA;Shallow;12;2017;Autumn;2017-10-07;50.32291;-63.36678;Downriver;NA;LR138;LR;3;280;River;Autumn;39058
LR139D;LR139D;LR139;1;DNA;Shallow;11;2017;Autumn;2017-10-07;50.32779;-63.2865;Downriver;NA;LR139;LR;3;280;River;Autumn;39087
LR139R;LR139R;LR139;1;cDNA;Shallow;12;2017;Autumn;2017-10-07;50.32779;-63.2865;Downriver;NA;LR139;LR;3;280;River;Autumn;87334
LR14-s2-D;LR14-s2-D;LR14;2;DNA;Shallow;1;2015;Spring;2015-06-14;52.09031;-63.83427;HeadwaterLakes;ROM-310.42;LR14;LR;1;165;HeadwaterLakes;Spring;14267
LR140D;LR140D;LR140;1;DNA;Shallow;11;2017;Autumn;2017-10-07;50.3826;-63.26749;Downriver;NA;LR140;LR;3;280;River;Autumn;45163
LR140R;LR140R;LR140;1;cDNA;Shallow;12;2017;Autumn;2017-10-07;50.3826;-63.26749;Downriver;NA;LR140;LR;3;280;River;Autumn;49667
LR142D;LR142D;LR142;1;DNA;Shallow;11;2017;Autumn;2017-10-10;50.30284;-63.59752;Downriver;NA;LR142;LR;3;283;River;Autumn;43271
LR142R;LR142R;LR142;1;cDNA;Shallow;12;2017;Autumn;2017-10-10;50.30284;-63.59752;Downriver;NA;LR142;LR;3;283;River;Autumn;92239
LR15-s2-D;LR15-s2-D;LR15;2;DNA;Shallow;1;2015;Spring;2015-06-15;52.0642;-63.84167;Upriver;ROM-307.25;LR15;LR;1;166;River;Spring;13352
LR17-s2-D;LR17-s2-D;LR17;2;DNA;Shallow;1;2015;Spring;2015-06-15;51.78004;-63.7155;Upriver;ROM-264.44;LR17;LR;1;166;River;Spring;9558
LR18-s2-D;LR18-s2-D;LR18;2;DNA;Shallow;1;2015;Spring;2015-06-16;50.31445;-63.54765;Downriver;ROM-021.69;LR18;LR;1;167;River;Spring;16699
LR19-s2-D;LR19-s2-D;LR19;2;DNA;Shallow;1;2015;Spring;2015-06-16;51.70176;-63.72171;Upriver;ROM-255.20;LR19;LR;1;167;River;Spring;17627
LR20-s2-D;LR20-s2-D;LR20;2;DNA;Shallow;1;2015;Spring;2015-06-16;51.38239;-63.5853;Upriver;ROM-199.57;LR20;LR;1;167;River;Spring;16487
LR24-s2-D;LR24-s2-D;LR24;2;DNA;Shallow;1;2015;Summer;2015-08-01;50.37971;-63.26574;Downriver;ROM-050.55;LR24;LR;2;213;River;Summer;13706
LR27D;LR27D;LR27;1;DNA;Shallow;1;2015;Summer;2015-08-02;50.30883;-63.62249;Downriver;ROM-016.08;LR27;LR;2;214;River;Summer;11406
LR29-s2-D;LR29-s2-D;LR29;2;DNA;Shallow;1;2015;Summer;2015-08-03;50.62703;-63.18789;Downriver;ROM-083.49;LR29;LR;2;215;River;Summer;16666
LR31D;LR31D;LR31;1;DNA;Shallow;1;2015;Summer;2015-08-03;50.46586;-63.23566;Downriver;ROM-063.04;LR31;LR;2;215;River;Summer;25398
LR32D;LR32D;LR32;1;DNA;Shallow;1;2015;Summer;2015-08-05;51.27679;-63.35451;Upriver;ROM-176.18;LR32;LR;2;217;River;Summer;24776
LR34D;LR34D;LR34;1;DNA;Shallow;1;2015;Summer;2015-08-08;51.68949;-63.72206;Upriver;ROM-253.76;LR34;LR;2;220;River;Summer;22661
LR35D;LR35D;LR35;1;DNA;Shallow;1;2015;Summer;2015-08-09;52.35411;-63.99541;HeadwaterLakes;ROM-368.04;LR35;LR;2;221;HeadwaterLakes;Summer;22090
LR36D;LR36D;LR36;1;DNA;Shallow;1;2015;Summer;2015-08-09;52.23624;-63.77818;HeadwaterLakes;ROM-347.44;LR36;LR;2;221;HeadwaterLakes;Summer;2203
LR37D;LR37D;LR37;1;DNA;Shallow;1;2015;Summer;2015-08-09;52.12115;-63.71056;HeadwaterLakes;ROM-331.80;LR37;LR;2;221;HeadwaterLakes;Summer;25848
LR38D;LR38D;LR38;1;DNA;Shallow;1;2015;Summer;2015-08-09;52.05493;-63.7011;HeadwaterLakes;ROM-321.61;LR38;LR;2;221;HeadwaterLakes;Summer;26954
LR39D;LR39D;LR39;1;DNA;Shallow;1;2015;Summer;2015-08-09;52.08602;-63.83853;HeadwaterLakes;ROM-309.83;LR39;LR;2;221;HeadwaterLakes;Summer;28513
LR40D;LR40D;LR40;1;DNA;Shallow;1;2015;Summer;2015-08-09;50.29681;-63.80553;Downriver;ROM-000.47;LR40;LR;2;221;River;Summer;31615
LR41D;LR41D;LR41;1;DNA;Shallow;1;2015;Summer;2015-08-09;50.29335;-63.81304;Downriver;ROM-000.33;LR41;LR;2;221;River;Summer;26922
LR42D;LR42D;LR42;1;DNA;Shallow;1;2015;Summer;2015-08-10;52.06438;-63.84188;Upriver;ROM-307.27;LR42;LR;2;222;River;Summer;31697
LR45D;LR45D;LR45;1;DNA;Shallow;1;2015;Summer;2015-08-11;51.38594;-63.59067;Upriver;ROM-200.11;LR45;LR;2;223;River;Summer;19877
LR47D;LR47D;LR47;1;DNA;Shallow;1;2015;Summer;2015-08-11;51.26144;-63.34465;Upriver;ROM-174.30;LR47;LR;2;223;River;Summer;19454
LR48D;LR48D;LR48;1;DNA;Shallow;1;2015;Summer;2015-08-11;50.31302;-63.54258;Downriver;ROM-022.05;LR48;LR;2;223;River;Summer;23871
LR49D;LR49D;LR49;1;DNA;Shallow;6;2016;Spring;2016-06-02;52.35835;-63.9938;HeadwaterLakes;NA;LR49;LR;1;154;HeadwaterLakes;Spring;89311
LR49R;LR49R;LR49;1;cDNA;Shallow;6;2016;Spring;2016-06-02;52.35835;-63.9938;HeadwaterLakes;NA;LR49;LR;1;154;HeadwaterLakes;Spring;46703
LR50D;LR50D;LR50;1;DNA;Shallow;6;2016;Spring;2016-06-02;52.12788;-63.70666;HeadwaterLakes;NA;LR50;LR;1;154;HeadwaterLakes;Spring;115384
LR50R;LR50R;LR50;1;cDNA;Shallow;6;2016;Spring;2016-06-02;52.12788;-63.70666;HeadwaterLakes;NA;LR50;LR;1;154;HeadwaterLakes;Spring;50627
LR51D;LR51D;LR51;1;DNA;Shallow;5;2016;Spring;2016-06-02;52.05113;-63.70082;HeadwaterLakes;NA;LR51;LR;1;154;HeadwaterLakes;Spring;60223
LR51R;LR51R;LR51;1;cDNA;Shallow;6;2016;Spring;2016-06-02;52.05113;-63.70082;HeadwaterLakes;NA;LR51;LR;1;154;HeadwaterLakes;Spring;19101
LR52D;LR52D;LR52;1;DNA;Shallow;6;2016;Spring;2016-06-03;52.0863;-63.83093;HeadwaterLakes;NA;LR52;LR;1;155;HeadwaterLakes;Spring;115469
LR53D;LR53D;LR53;1;DNA;Shallow;6;2016;Spring;2016-06-03;52.05905;-63.84372;Upriver;NA;LR53;LR;1;155;River;Spring;104648
LR53R;LR53R;LR53;1;cDNA;Shallow;6;2016;Spring;2016-06-03;52.05905;-63.84372;Upriver;NA;LR53;LR;1;155;River;Spring;68198
LR54D;LR54D;LR54;1;DNA;Shallow;6;2016;Spring;2016-06-03;51.97409;-63.77726;Upriver;NA;LR54;LR;1;155;River;Spring;112316
LR54R;LR54R;LR54;1;cDNA;Shallow;6;2016;Spring;2016-06-03;51.97409;-63.77726;Upriver;NA;LR54;LR;1;155;River;Spring;84293
LR55D;LR55D;LR55;1;DNA;Shallow;5;2016;Spring;2016-06-05;51.77992;-63.71551;Upriver;NA;LR55;LR;1;157;River;Spring;51262
LR56D;LR56D;LR56;1;DNA;Shallow;6;2016;Spring;2016-06-05;51.70283;-63.71917;Upriver;NA;LR56;LR;1;157;River;Spring;48986
LR56R;LR56R;LR56;1;cDNA;Shallow;6;2016;Spring;2016-06-05;51.70283;-63.71917;Upriver;NA;LR56;LR;1;157;River;Spring;32237
LR57D;LR57D;LR57;1;DNA;Shallow;6;2016;Spring;2016-06-09;50.38105;-63.26677;Downriver;NA;LR57;LR;1;161;River;Spring;34908
LR58D;LR58D;LR58;1;DNA;Shallow;6;2016;Spring;2016-06-09;50.32945;-63.29131;Downriver;NA;LR58;LR;1;161;River;Spring;48610
LR58R;LR58R;LR58;1;cDNA;Shallow;6;2016;Spring;2016-06-09;50.32945;-63.29131;Downriver;NA;LR58;LR;1;161;River;Spring;45730
LR59D;LR59D;LR59;1;DNA;Shallow;6;2016;Spring;2016-06-09;50.32291;-63.36477;Downriver;NA;LR59;LR;1;161;River;Spring;51121
LR59R;LR59R;LR59;1;cDNA;Shallow;7;2016;Spring;2016-06-09;50.32291;-63.36477;Downriver;NA;LR59;LR;1;161;River;Spring;57727
LR60D;LR60D;LR60;1;DNA;Shallow;5;2016;Spring;2016-06-09;50.30492;-63.58691;Downriver;NA;LR60;LR;1;161;River;Spring;55352
LR60R;LR60R;LR60;1;cDNA;Shallow;6;2016;Spring;2016-06-09;50.30492;-63.58691;Downriver;NA;LR60;LR;1;161;River;Spring;17930
LR61D;LR61D;LR61;1;DNA;Shallow;6;2016;Spring;2016-06-09;50.31145;-63.48157;Downriver;NA;LR61;LR;1;161;River;Spring;36743
LR61R;LR61R;LR61;1;cDNA;Shallow;6;2016;Spring;2016-06-09;50.31145;-63.48157;Downriver;NA;LR61;LR;1;161;River;Spring;14717
LR62D;LR62D;LR62;1;DNA;Shallow;6;2016;Spring;2016-06-09;50.317449;-63.31067;Downriver;NA;LR62;LR;1;161;River;Spring;52241
LR62R;LR62R;LR62;1;cDNA;Shallow;6;2016;Spring;2016-06-09;50.317449;-63.31067;Downriver;NA;LR62;LR;1;161;River;Spring;40496
LR63D;LR63D;LR63;1;DNA;Shallow;5;2016;Spring;2016-06-11;51.38269;-63.58594;Upriver;NA;LR63;LR;1;163;River;Spring;48856
LR63R;LR63R;LR63;1;cDNA;Shallow;6;2016;Spring;2016-06-11;51.38269;-63.58594;Upriver;NA;LR63;LR;1;163;River;Spring;13054
LR64D;LR64D;LR64;1;DNA;Shallow;5;2016;Spring;2016-06-11;51.30358;-63.39372;Upriver;NA;LR64;LR;1;163;River;Spring;63798
LR64R;LR64R;LR64;1;cDNA;Shallow;6;2016;Spring;2016-06-11;51.30358;-63.39372;Upriver;NA;LR64;LR;1;163;River;Spring;55976
LR65D;LR65D;LR65;1;DNA;Shallow;5;2016;Spring;2016-06-11;51.27259;-63.35046;Upriver;NA;LR65;LR;1;163;River;Spring;61983
LR65R;LR65R;LR65;1;cDNA;Shallow;6;2016;Spring;2016-06-11;51.27259;-63.35046;Upriver;NA;LR65;LR;1;163;River;Spring;62251
LR66R;LR66R;LR66;1;cDNA;Shallow;6;2016;Spring;2016-06-12;51.18214;-63.36409;Upriver;NA;LR66;LR;1;164;River;Spring;17666
LR67D;LR67D;LR67;1;DNA;Shallow;6;2016;Spring;2016-06-14;50.3096;-63.6232;Downriver;NA;LR67;LR;1;166;River;Spring;90303
LR67R;LR67R;LR67;1;cDNA;Shallow;7;2016;Spring;2016-06-14;50.3096;-63.6232;Downriver;NA;LR67;LR;1;166;River;Spring;80059
LR68D;LR68D;LR68;1;DNA;Shallow;5;2016;Spring;2016-06-14;50.31653;-63.76784;Downriver;NA;LR68;LR;1;166;River;Spring;46468
LR68R;LR68R;LR68;1;cDNA;Shallow;7;2016;Spring;2016-06-14;50.31653;-63.76784;Downriver;NA;LR68;LR;1;166;River;Spring;34812
LR69D;LR69D;LR69;1;DNA;Shallow;5;2016;Summer;2016-08-06;50.32419;-63.36647;Downriver;NA;LR69;LR;2;219;River;Summer;50948
LR69R;LR69R;LR69;1;cDNA;Shallow;7;2016;Summer;2016-08-06;50.32419;-63.36647;Downriver;NA;LR69;LR;2;219;River;Summer;51253
LR70D;LR70D;LR70;1;DNA;Shallow;5;2016;Summer;2016-08-06;50.32811;-63.28559;Downriver;NA;LR70;LR;2;219;River;Summer;61184
LR71D;LR71D;LR71;1;DNA;Shallow;5;2016;Summer;2016-08-06;50.38126;-63.26665;Downriver;NA;LR71;LR;2;219;River;Summer;56627
LR71R;LR71R;LR71;1;cDNA;Shallow;7;2016;Summer;2016-08-06;50.38126;-63.26665;Downriver;NA;LR71;LR;2;219;River;Summer;51922
LR72D;LR72D;LR72;1;DNA;Shallow;5;2016;Summer;2016-08-09;52.35541;-63.99129;HeadwaterLakes;NA;LR72;LR;2;222;HeadwaterLakes;Summer;63993
LR72R;LR72R;LR72;1;cDNA;Shallow;7;2016;Summer;2016-08-09;52.35541;-63.99129;HeadwaterLakes;NA;LR72;LR;2;222;HeadwaterLakes;Summer;56037
LR73D;LR73D;LR73;1;DNA;Shallow;5;2016;Summer;2016-08-11;52.087;-63.83802;HeadwaterLakes;NA;LR73;LR;2;224;HeadwaterLakes;Summer;80066
LR73R;LR73R;LR73;1;cDNA;Shallow;7;2016;Summer;2016-08-11;52.087;-63.83802;HeadwaterLakes;NA;LR73;LR;2;224;HeadwaterLakes;Summer;56239
LR74R;LR74R;LR74;1;cDNA;Shallow;7;2016;Summer;2016-08-11;52.05544;-63.68134;HeadwaterLakes;NA;LR74;LR;2;224;HeadwaterLakes;Summer;61479
LR75D;LR75D;LR75;1;DNA;Shallow;5;2016;Summer;2016-08-11;50.36592;-63.58032;Downriver;NA;LR75;LR;2;224;River;Summer;56706
LR75R;LR75R;LR75;1;cDNA;Shallow;7;2016;Summer;2016-08-11;50.36592;-63.58032;Downriver;NA;LR75;LR;2;224;River;Summer;16551
LR80D;LR80D;LR80;1;DNA;Shallow;5;2016;Summer;2016-08-14;51.65284;-63.71143;Upriver;NA;LR80;LR;2;227;River;Summer;53126
LR80R;LR80R;LR80;1;cDNA;Shallow;7;2016;Summer;2016-08-14;51.65284;-63.71143;Upriver;NA;LR80;LR;2;227;River;Summer;48078
LRH04-s2-D;LRH04-s2-D;LRH04;2;DNA;Shallow;1;2015;Spring;2015-06-12;50.31684;-63.30894;Downriver;ROM-041.89;LRH04;LR;1;163;River;Spring;17140
LRH07-s2-D;LRH07-s2-D;LRH07;2;DNA;Shallow;1;2015;Spring;2015-06-12;50.30083;-63.81233;Downriver;ROM-000.26;LRH07;LR;1;163;River;Spring;16391
LRH08-s2-D;LRH08-s2-D;LRH08;2;DNA;Shallow;1;2015;Spring;2015-06-12;50.30064;-63.81285;Downriver;ROM-000.22;LRH08;LR;1;163;River;Spring;12683
LRH09-s2-D;LRH09-s2-D;LRH09;2;DNA;Shallow;1;2015;Spring;2015-06-12;50.29303;-63.811132;Downriver;ROM-000.35;LRH09;LR;1;163;River;Spring;21960
LRH10-s2-D;LRH10-s2-D;LRH10;2;DNA;Shallow;1;2015;Spring;2015-06-12;50.29588;-63.804823;Downriver;ROM-000.47;LRH10;LR;1;163;River;Spring;13945
LRH11-s2-D;LRH11-s2-D;LRH11;2;DNA;Shallow;1;2015;Summer;2015-08-01;50.31672;-63.3089;Downriver;ROM-041.89;LRH11;LR;2;213;River;Summer;17259
LRH14-s2-D;LRH14-s2-D;LRH14;2;DNA;Shallow;1;2015;Summer;2015-08-01;50.30009;-63.8122;Downriver;ROM-000.22;LRH14;LR;2;213;River;Summer;17711
LRH15-s2-D;LRH15-s2-D;LRH15;2;DNA;Shallow;1;2015;Summer;2015-08-01;50.30076;-63.81276;Downriver;ROM-000.23;LRH15;LR;2;213;River;Summer;27125
M01-s2-D;M01-s2-D;M01;2;DNA;Shallow;1;2015;Spring;2015-06-18;50.28242;-63.86163;Marine;ES-01;M01;ES;1;169;Marine;Spring;20436
M02-s2-D;M02-s2-D;M02;2;DNA;Shallow;1;2015;Spring;2015-06-18;50.27224;-63.85679;Marine;ES-02;M02;ES;1;169;Marine;Spring;18601
M03-s2-D;M03-s2-D;M03;2;DNA;Shallow;1;2015;Spring;2015-06-18;50.2566;-63.8327;Marine;ES-03;M03;ES;1;169;Marine;Spring;18538
M04-s2-D;M04-s2-D;M04;2;DNA;Shallow;1;2015;Spring;2015-06-18;50.24688;-63.78448;Marine;ES-04;M04;ES;1;169;Marine;Spring;19463
M05-s2-D;M05-s2-D;M05;2;DNA;Shallow;1;2015;Spring;2015-06-18;50.24012;-63.7585;Marine;ES-05;M05;ES;1;169;Marine;Spring;17860
M06-s2-D;M06-s2-D;M06;2;DNA;Shallow;1;2015;Spring;2015-06-18;50.23954;-63.72033;Marine;ES-06;M06;ES;1;169;Marine;Spring;22959
M07-s2-D;M07-s2-D;M07;2;DNA;Shallow;1;2015;Spring;2015-06-18;50.21693;-63.70586;Marine;ES-07;M07;ES;1;169;Marine;Spring;14126
M08-s2-D;M08-s2-D;M08;2;DNA;Shallow;1;2015;Spring;2015-06-18;50.18846;-63.69431;Marine;ES-08;M08;ES;1;169;Marine;Spring;18570
M09D;M09D;M09;1;DNA;Shallow;1;2015;Summer;2015-08-14;50.2591;-63.83741;Marine;ES-03C;M09;ES;2;226;Marine;Summer;19424
M10D;M10D;M10;1;DNA;Shallow;1;2015;Summer;2015-08-14;50.25995;-63.83869;Marine;ES-03B;M10;ES;2;226;Marine;Summer;24209
M11D;M11D;M11;1;DNA;Shallow;1;2015;Summer;2015-08-14;50.26222;-63.84091;Marine;ES-03A;M11;ES;2;226;Marine;Summer;25464
M12D;M12D;M12;1;DNA;Shallow;1;2015;Summer;2015-08-14;50.27225;-63.85675;Marine;ES-02;M12;ES;2;226;Marine;Summer;23277
M13D;M13D;M13;1;DNA;Shallow;1;2015;Summer;2015-08-14;50.23985;-63.76012;Marine;ES-05;M13;ES;2;226;Marine;Summer;17338
M14D;M14D;M14;1;DNA;Shallow;1;2015;Summer;2015-08-14;50.24043;-63.72075;Marine;ES-06;M14;ES;2;226;Marine;Summer;32110
M15D;M15D;M15;1;DNA;Shallow;1;2015;Summer;2015-08-14;50.2174;-63.70496;Marine;ES-07;M15;ES;2;226;Marine;Summer;23602
M16D;M16D;M16;1;DNA;Shallow;1;2015;Summer;2015-08-14;50.28235;-63.86902;Marine;ES-01;M16;ES;2;226;Marine;Summer;19216
M17D;M17D;M17;1;DNA;Shallow;5;2016;Summer;2016-08-14;50.28684;-63.84786;Marine;NA;M17;ES;2;227;Marine;Summer;45877
M17R;M17R;M17;1;cDNA;Shallow;7;2016;Summer;2016-08-14;50.28684;-63.84786;Marine;NA;M17;ES;2;227;Marine;Summer;46671
M18D;M18D;M18;1;DNA;Shallow;5;2016;Summer;2016-08-14;50.28551;-63.85236;Marine;NA;M18;ES;2;227;Marine;Summer;47202
M18R;M18R;M18;1;cDNA;Shallow;7;2016;Summer;2016-08-14;50.28551;-63.85236;Marine;NA;M18;ES;2;227;Marine;Summer;43275
M19D;M19D;M19;1;DNA;Shallow;5;2016;Summer;2016-08-14;50.26292;-63.85185;Marine;NA;M19;ES;2;227;Marine;Summer;59299
M19R;M19R;M19;1;cDNA;Shallow;7;2016;Summer;2016-08-14;50.26292;-63.85185;Marine;NA;M19;ES;2;227;Marine;Summer;49501
M20D;M20D;M20;1;DNA;Shallow;5;2016;Summer;2016-08-14;50.2596;-63.84907;Marine;NA;M20;ES;2;227;Marine;Summer;52578
M20R;M20R;M20;1;cDNA;Shallow;7;2016;Summer;2016-08-14;50.2596;-63.84907;Marine;NA;M20;ES;2;227;Marine;Summer;37545
PR01-s2-D;PR01-s2-D;PR01;2;DNA;Shallow;1;2015;Spring;2015-06-07;51.368157;-63.876955;Stream;PR-01A;PR01;PR;1;158;Stream;Spring;22901
PR03-s2-D;PR03-s2-D;PR03;2;DNA;Shallow;1;2015;Spring;2015-06-08;51.21028;-63.92063;Stream;PR-04B;PR03;PR;1;159;Stream;Spring;10418
PR05-s2-D;PR05-s2-D;PR05;2;DNA;Shallow;1;2015;Spring;2015-06-13;51.20287;-63.92476;Stream;PR-05A;PR05;PR;1;164;Stream;Spring;16223
PR07-s2-D;PR07-s2-D;PR07;2;DNA;Shallow;1;2015;Spring;2015-06-13;51.1863;-63.9319;Stream;PR-06A;PR07;PR;1;164;Stream;Spring;21346
PR09D;PR09D;PR09;1;DNA;Shallow;1;2015;Spring;2015-06-14;51.30254;-63.87091;Stream;PR-03B;PR09;PR;1;165;Stream;Spring;10419
PR11-s2-D;PR11-s2-D;PR11;2;DNA;Shallow;1;2015;Spring;2015-06-15;51.3055;-63.86446;Stream;PR-02B;PR11;PR;1;165;Stream;Spring;15488
PR13D;PR13D;PR13;1;DNA;Shallow;1;2015;Summer;2015-08-02;51.368157;-63.876955;Stream;PR-01A;PR13;PR;2;167;Stream;Summer;15760
PR15D;PR15D;PR15;1;DNA;Shallow;1;2015;Summer;2015-08-03;51.30254;-63.87091;Stream;PR-03B;PR15;PR;2;215;Stream;Summer;17304
PR17D;PR17D;PR17;1;DNA;Shallow;1;2015;Summer;2015-08-03;51.3055;-63.86446;Stream;PR-02B;PR17;PR;2;215;Stream;Summer;17796
PR19D;PR19D;PR19;1;DNA;Shallow;1;2015;Summer;2015-08-05;51.20287;-63.92476;Stream;PR-05A;PR19;PR;2;217;Stream;Summer;14561
PR21D;PR21D;PR21;1;DNA;Shallow;1;2015;Summer;2015-08-06;51.21028;-63.92063;Stream;PR-04B;PR21;PR;2;218;Stream;Summer;17437
PR23D;PR23D;PR23;1;DNA;Shallow;1;2015;Summer;2015-08-07;51.1863;-63.9319;Stream;PR-06A;PR23;PR;2;219;Stream;Summer;17515
PR24D;PR24D;PR24;1;DNA;Shallow;6;2016;Spring;2016-06-10;51.21285;-63.92264;Stream;PR-04A;PR24;PR;1;162;Stream;Spring;37400
PR24R;PR24R;PR24;1;cDNA;Shallow;6;2016;Spring;2016-06-10;51.21285;-63.92264;Stream;PR-04A;PR24;PR;1;162;Stream;Spring;30335
PR25D;PR25D;PR25;1;DNA;Shallow;5;2016;Spring;2016-06-10;51.20954;-63.92093;Stream;PR-03B;PR25;PR;1;162;Stream;Spring;52329
PR25R;PR25R;PR25;1;cDNA;Shallow;6;2016;Spring;2016-06-10;51.20954;-63.92093;Stream;PR-03B;PR25;PR;1;162;Stream;Spring;14670
PR26D;PR26D;PR26;1;DNA;Shallow;5;2016;Spring;2016-06-11;51.36657;-63.87721;Stream;PR-01A;PR26;PR;1;163;Stream;Spring;26426
PR26R;PR26R;PR26;1;cDNA;Shallow;6;2016;Spring;2016-06-11;51.36657;-63.87721;Stream;PR-01A;PR26;PR;1;163;Stream;Spring;23545
PR27D;PR27D;PR27;1;DNA;Shallow;5;2016;Spring;2016-06-11;51.36616;-63.87573;Stream;PR-02B;PR27;PR;1;163;Stream;Spring;37592
PR27R;PR27R;PR27;1;cDNA;Shallow;6;2016;Spring;2016-06-11;51.36616;-63.87573;Stream;PR-02B;PR27;PR;1;163;Stream;Spring;16659
PR28D;PR28D;PR28;1;DNA;Shallow;5;2016;Spring;2016-06-12;51.20215;-63.92329;Stream;PR-06B;PR28;PR;1;164;Stream;Spring;49975
PR28R;PR28R;PR28;1;cDNA;Shallow;6;2016;Spring;2016-06-12;51.20215;-63.92329;Stream;PR-06B;PR28;PR;1;164;Stream;Spring;47699
PR29-t2-D;PR29-t2-D;PR29;2;DNA;Shallow;6;2016;Spring;2016-06-12;51.2029;-63.92485;Stream;PR-05A;PR29;PR;1;164;Stream;Spring;35654
PR29D;PR29D;PR29;1;DNA;Shallow;5;2016;Spring;2016-06-12;51.2029;-63.92485;Stream;PR-05A;PR29;PR;1;164;Stream;Spring;45896
PR29R;PR29R;PR29;1;cDNA;Shallow;6;2016;Spring;2016-06-12;51.2029;-63.92485;Stream;PR-05A;PR29;PR;1;164;Stream;Spring;38256
PR30-t2-D;PR30-t2-D;PR30;2;DNA;Shallow;6;2016;Spring;2016-06-12;51.18623;-63.93188;Stream;PR-07S;PR30;PR;1;164;Stream;Spring;37941
PR30D;PR30D;PR30;1;DNA;Shallow;5;2016;Spring;2016-06-12;51.18623;-63.93188;Stream;PR-07S;PR30;PR;1;164;Stream;Spring;52019
PR30R;PR30R;PR30;1;cDNA;Shallow;6;2016;Spring;2016-06-12;51.18623;-63.93188;Stream;PR-07S;PR30;PR;1;164;Stream;Spring;48110
PR31-t2-D;PR31-t2-D;PR31;2;DNA;Shallow;6;2016;Spring;2016-06-15;51.30344;-63.86294;Stream;PR-10B;PR31;PR;1;167;Stream;Spring;41153
PR31D;PR31D;PR31;1;DNA;Shallow;5;2016;Spring;2016-06-15;51.30344;-63.86294;Stream;PR-10B;PR31;PR;1;167;Stream;Spring;55418
PR31R;PR31R;PR31;1;cDNA;Shallow;7;2016;Spring;2016-06-15;51.30344;-63.86294;Stream;PR-10B;PR31;PR;1;167;Stream;Spring;52500
PR32R;PR32R;PR32;1;cDNA;Shallow;6;2016;Spring;2016-06-13;51.30254;-63.87091;Stream;PR-09A;PR32;PR;1;165;Stream;Spring;59562
PR33D;PR33D;PR33;1;DNA;Shallow;5;2016;Summer;2016-08-04;51.36618;-63.87583;Stream;PR-02B;PR33;PR;2;217;Stream;Summer;53661
PR34D;PR34D;PR34;1;DNA;Shallow;5;2016;Summer;2016-08-04;51.36654;-63.87719;Stream;PR-01A;PR34;PR;2;217;Stream;Summer;42009
PR34R;PR34R;PR34;1;cDNA;Shallow;7;2016;Summer;2016-08-04;51.36654;-63.87719;Stream;PR-01A;PR34;PR;2;217;Stream;Summer;39799
PR35D;PR35D;PR35;1;DNA;Shallow;5;2016;Summer;2016-08-05;51.21284;-63.92261;Stream;PR-04A;PR35;PR;2;218;Stream;Summer;53091
PR35R;PR35R;PR35;1;cDNA;Shallow;7;2016;Summer;2016-08-05;51.21284;-63.92261;Stream;PR-04A;PR35;PR;2;218;Stream;Summer;40733
PR36D;PR36D;PR36;1;DNA;Shallow;5;2016;Summer;2016-08-05;51.2095;-63.92092;Stream;PR-03B;PR36;PR;2;218;Stream;Summer;47675
PR36R;PR36R;PR36;1;cDNA;Shallow;7;2016;Summer;2016-08-05;51.2095;-63.92092;Stream;PR-03B;PR36;PR;2;218;Stream;Summer;57290
PR37D;PR37D;PR37;1;DNA;Shallow;5;2016;Summer;2016-08-07;51.20212;-63.9233;Stream;PR-06B;PR37;PR;2;220;Stream;Summer;38725
PR37R;PR37R;PR37;1;cDNA;Shallow;7;2016;Summer;2016-08-07;51.20212;-63.9233;Stream;PR-06B;PR37;PR;2;220;Stream;Summer;45953
PR38D;PR38D;PR38;1;DNA;Shallow;5;2016;Summer;2016-08-07;51.20287;-63.92476;Stream;PR-05A;PR38;PR;2;220;Stream;Summer;37232
PR38R;PR38R;PR38;1;cDNA;Shallow;7;2016;Summer;2016-08-07;51.20287;-63.92476;Stream;PR-05A;PR38;PR;2;220;Stream;Summer;41040
PR39D;PR39D;PR39;1;DNA;Shallow;5;2016;Summer;2016-08-07;51.18631;-63.93174;Stream;PR-07S;PR39;PR;2;220;Stream;Summer;33023
PR40D;PR40D;PR40;1;DNA;Shallow;5;2016;Summer;2016-08-09;51.303572;-63.869197;Stream;PR-10B;PR40;PR;2;222;Stream;Summer;48725
PR40R;PR40R;PR40;1;cDNA;Shallow;7;2016;Summer;2016-08-09;51.303572;-63.869197;Stream;PR-10B;PR40;PR;2;222;Stream;Summer;49275
PR41D;PR41D;PR41;1;DNA;Shallow;5;2016;Summer;2016-08-09;51.30254;-63.87091;Stream;PR-09A;PR41;PR;2;222;Stream;Summer;46200
PR41R;PR41R;PR41;1;cDNA;Shallow;7;2016;Summer;2016-08-09;51.30254;-63.87091;Stream;PR-09A;PR41;PR;2;222;Stream;Summer;52112
PR42D;PR42D;PR42;1;DNA;Shallow;5;2016;Summer;2016-08-10;51.30536;-63.8649;Stream;PR-11A;PR42;PR;2;223;Stream;Summer;54660
PR42R;PR42R;PR42;1;cDNA;Shallow;7;2016;Summer;2016-08-10;51.30536;-63.8649;Stream;PR-11A;PR42;PR;2;223;Stream;Summer;53568
PR43D;PR43D;PR43;1;DNA;Shallow;5;2016;Summer;2016-08-10;51.30408;-63.85194;Stream;PR-12B;PR43;PR;2;223;Stream;Summer;58401
PR43R;PR43R;PR43;1;cDNA;Shallow;7;2016;Summer;2016-08-10;51.30408;-63.85194;Stream;PR-12B;PR43;PR;2;223;Stream;Summer;69909
RO101D;RO101D;RO101;1;DNA;Shallow;6;2016;Spring;2016-06-05;50.63185;-63.16687;RO1;NA;RO1-01;RO1;1;157;Reservoir;Spring;76654
RO101R;RO101R;RO101;1;cDNA;Shallow;6;2016;Spring;2016-06-05;50.63185;-63.16687;RO1;NA;RO1-01;RO1;1;157;Reservoir;Spring;48883
RO102D;RO102D;RO102;1;DNA;Shallow;5;2016;Spring;2016-06-05;50.62154;-63.17035;RO1;NA;RO1-02;RO1;1;157;Reservoir;Spring;54124
RO102R;RO102R;RO102;1;cDNA;Shallow;6;2016;Spring;2016-06-05;50.62154;-63.17035;RO1;NA;RO1-02;RO1;1;157;Reservoir;Spring;43876
RO103D;RO103D;RO103;1;DNA;Shallow;6;2016;Spring;2016-06-05;50.54065;-63.22003;RO1;NA;RO1-03;RO1;1;157;Reservoir;Spring;56128
RO103R;RO103R;RO103;1;cDNA;Shallow;6;2016;Spring;2016-06-05;50.54065;-63.22003;RO1;NA;RO1-03;RO1;1;157;Reservoir;Spring;49756
RO104D;RO104D;RO104;1;DNA;Shallow;6;2016;Spring;2016-06-06;50.46759;-63.24461;RO1;NA;RO1-04;RO1;1;158;Reservoir;Spring;58717
RO104R;RO104R;RO104;1;cDNA;Shallow;6;2016;Spring;2016-06-06;50.46759;-63.24461;RO1;NA;RO1-04;RO1;1;158;Reservoir;Spring;42045
RO105R;RO105R;RO105;1;cDNA;Shallow;6;2016;Spring;2016-06-06;50.4438;-63.2303;RO1;NA;RO1-05;RO1;1;158;Reservoir;Spring;39096
RO106-t2-D;RO106-t2-D;RO106;2;DNA;Shallow;6;2016;Spring;2016-06-15;50.40915;-63.22786;RO1;NA;RO1-06;RO1;1;167;Reservoir;Spring;48385
RO106D;RO106D;RO106;1;DNA;Shallow;5;2016;Spring;2016-06-15;50.40915;-63.22786;RO1;NA;RO1-06;RO1;1;167;Reservoir;Spring;54023
RO106R;RO106R;RO106;1;cDNA;Shallow;7;2016;Spring;2016-06-15;50.40915;-63.22786;RO1;NA;RO1-06;RO1;1;167;Reservoir;Spring;84537
RO107D;RO107D;RO107;1;DNA;Shallow;5;2016;Summer;2016-08-03;50.46215;-63.22967;RO1;NA;RO1-07;RO1;2;215;Reservoir;Summer;47318
RO107R;RO107R;RO107;1;cDNA;Shallow;7;2016;Summer;2016-08-03;50.46215;-63.22967;RO1;NA;RO1-07;RO1;2;215;Reservoir;Summer;53112
RO108D;RO108D;RO108;1;DNA;Shallow;5;2016;Summer;2016-08-04;50.62074;-63.16989;RO1;NA;RO1-08;RO1;2;217;Reservoir;Summer;61355
RO108R;RO108R;RO108;1;cDNA;Shallow;7;2016;Summer;2016-08-04;50.62074;-63.16989;RO1;NA;RO1-08;RO1;2;217;Reservoir;Summer;65308
RO109D;RO109D;RO109;1;DNA;Shallow;5;2016;Summer;2016-08-04;50.45219;-63.23246;RO1;NA;RO1-09;RO1;2;217;Reservoir;Summer;55289
RO109R;RO109R;RO109;1;cDNA;Shallow;7;2016;Summer;2016-08-04;50.45219;-63.23246;RO1;NA;RO1-09;RO1;2;217;Reservoir;Summer;38038
RO112D;RO112D;RO112;1;DNA;Shallow;5;2016;Summer;2016-08-15;50.43068;-63.21952;RO1;NA;RO1-12;RO1;2;228;Reservoir;Summer;52007
RO112R;RO112R;RO112;1;cDNA;Shallow;7;2016;Summer;2016-08-15;50.43068;-63.21952;RO1;NA;RO1-12;RO1;2;228;Reservoir;Summer;49142
RO136D;RO136D;RO136;1;DNA;Shallow;11;2017;Summer;2017-08-09;50.46383;-63.2183;RO1;NA;RO1-36;RO1;2;221;Reservoir;Summer;41172
RO136R;RO136R;RO136;1;cDNA;Shallow;12;2017;Summer;2017-08-09;50.46383;-63.2183;RO1;NA;RO1-36;RO1;2;221;Reservoir;Summer;33120
RO138D;RO138D;RO138;1;DNA;Shallow;11;2017;Summer;2017-08-09;50.46229;-63.23435;RO1;NA;RO1-38;RO1;2;221;Reservoir;Summer;49371
RO138R;RO138R;RO138;1;cDNA;Shallow;12;2017;Summer;2017-08-09;50.46229;-63.23435;RO1;NA;RO1-38;RO1;2;221;Reservoir;Summer;59502
RO139D;RO139D;RO139;1;DNA;Shallow;11;2017;Summer;2017-08-10;50.6268;-63.18727;RO1;NA;RO1-39;RO1;2;222;Reservoir;Summer;35015
RO139R;RO139R;RO139;1;cDNA;Shallow;12;2017;Summer;2017-08-10;50.6268;-63.18727;RO1;NA;RO1-39;RO1;2;222;Reservoir;Summer;56176
RO141D;RO141D;RO141;1;DNA;Shallow;11;2017;Summer;2017-08-14;50.46284;-63.23442;RO1;NA;RO1-41;RO1;2;226;Reservoir;Summer;48746
RO141R;RO141R;RO141;1;cDNA;Shallow;12;2017;Summer;2017-08-14;50.46284;-63.23442;RO1;NA;RO1-41;RO1;2;226;Reservoir;Summer;52700
RO142D;RO142D;RO142;1;DNA;Shallow;11;2017;Summer;2017-08-14;50.45214;-63.23266;RO1;NA;RO1-42;RO1;2;226;Reservoir;Summer;44660
RO142R;RO142R;RO142;1;cDNA;Shallow;12;2017;Summer;2017-08-14;50.45214;-63.23266;RO1;NA;RO1-42;RO1;2;226;Reservoir;Summer;69145
RO143D;RO143D;RO143;1;DNA;Shallow;11;2017;Summer;2017-08-14;50.44199;-63.22303;RO1;NA;RO1-43;RO1;2;226;Reservoir;Summer;53409
RO143R;RO143R;RO143;1;cDNA;Shallow;12;2017;Summer;2017-08-14;50.44199;-63.22303;RO1;NA;RO1-43;RO1;2;226;Reservoir;Summer;53830
RO145.Hypo.D;RO145.Hypo.D;RO145.Hypo;1;DNA;Shallow;11;2017;Summer;2017-08-17;50.38969;-63.24699;Deep;NA;RO1-45hypo;RO1;2;229;Deep;Summer;39286
RO145.Hypo.R;RO145.Hypo.R;RO145.Hypo;1;cDNA;Shallow;12;2017;Summer;2017-08-17;50.38969;-63.24699;Deep;NA;RO1-45hypo;RO1;2;229;Deep;Summer;71889
RO145D;RO145D;RO145;1;DNA;Shallow;11;2017;Summer;2017-08-17;50.38969;-63.24699;RO1;NA;RO1-45;RO1;2;229;Reservoir;Summer;58158
RO145R;RO145R;RO145;1;cDNA;Shallow;12;2017;Summer;2017-08-17;50.38969;-63.24699;RO1;NA;RO1-45;RO1;2;229;Reservoir;Summer;51910
RO147D;RO147D;RO147;1;DNA;Shallow;11;2017;Summer;2017-08-17;50.42952;-63.21965;RO1;NA;RO1-47;RO1;2;229;Reservoir;Summer;87988
RO147R;RO147R;RO147;1;cDNA;Shallow;12;2017;Summer;2017-08-17;50.42952;-63.21965;RO1;NA;RO1-47;RO1;2;229;Reservoir;Summer;35111
RO149D;RO149D;RO149;1;DNA;Shallow;11;2017;Autumn;2017-10-05;50.6269;-63.18731;RO1;NA;RO1-49;RO1;3;278;Reservoir;Autumn;43808
RO149R;RO149R;RO149;1;cDNA;Shallow;12;2017;Autumn;2017-10-05;50.6269;-63.18731;RO1;NA;RO1-49;RO1;3;278;Reservoir;Autumn;38993
RO151D;RO151D;RO151;1;DNA;Shallow;11;2017;Autumn;2017-10-05;50.4634;-63.23511;RO1;NA;RO1-51;RO1;3;278;Reservoir;Autumn;64075
RO151R;RO151R;RO151;1;cDNA;Shallow;12;2017;Autumn;2017-10-05;50.4634;-63.23511;RO1;NA;RO1-51;RO1;3;278;Reservoir;Autumn;71655
RO152.Hypo.D;RO152.Hypo.D;RO152.Hypo;1;DNA;Shallow;11;2017;Autumn;2017-10-08;50.39031;-63.24513;Deep;NA;RO1-52hypo;RO1;3;281;Deep;Autumn;46073
RO152.Hypo.R;RO152.Hypo.R;RO152.Hypo;1;cDNA;Shallow;12;2017;Autumn;2017-10-08;50.39031;-63.24513;Deep;NA;RO1-52hypo;RO1;3;281;Deep;Autumn;64914
RO152D;RO152D;RO152;1;DNA;Shallow;11;2017;Autumn;2017-10-08;50.39031;-63.24513;RO1;NA;RO1-52;RO1;3;281;Reservoir;Autumn;53211
RO152R;RO152R;RO152;1;cDNA;Shallow;12;2017;Autumn;2017-10-08;50.39031;-63.24513;RO1;NA;RO1-52;RO1;3;281;Reservoir;Autumn;76438
RO154D;RO154D;RO154;1;DNA;Shallow;11;2017;Autumn;2017-10-08;50.4296;-63.21942;RO1;NA;RO1-54;RO1;3;281;Reservoir;Autumn;66119
RO154R;RO154R;RO154;1;cDNA;Shallow;12;2017;Autumn;2017-10-08;50.4296;-63.21942;RO1;NA;RO1-54;RO1;3;281;Reservoir;Autumn;54923
RO156D;RO156D;RO156;1;DNA;Shallow;11;2017;Autumn;2017-10-12;50.45174;-63.23296;RO1;NA;RO1-56;RO1;3;285;Reservoir;Autumn;50419
RO156R;RO156R;RO156;1;cDNA;Shallow;12;2017;Autumn;2017-10-12;50.45174;-63.23296;RO1;NA;RO1-56;RO1;3;285;Reservoir;Autumn;56786
RO157D;RO157D;RO157;1;DNA;Shallow;11;2017;Autumn;2017-10-12;50.44228;-63.22325;RO1;NA;RO1-57;RO1;3;285;Reservoir;Autumn;59726
RO157R;RO157R;RO157;1;cDNA;Shallow;12;2017;Autumn;2017-10-12;50.44228;-63.22325;RO1;NA;RO1-57;RO1;3;285;Reservoir;Autumn;78461
RO159D;RO159D;RO159;1;DNA;Shallow;11;2017;Autumn;2017-10-12;50.4591;-63.22037;RO1;NA;RO1-59;RO1;3;285;Reservoir;Autumn;56704
RO159R;RO159R;RO159;1;cDNA;Shallow;12;2017;Autumn;2017-10-12;50.4591;-63.22037;RO1;NA;RO1-59;RO1;3;285;Reservoir;Autumn;66844
RO201-s2-D;RO201-s2-D;RO201;2;DNA;Shallow;1;2015;Spring;2015-06-10;50.65452;-63.26094;RO2;RE2-087-MO;RO2-01;RO2;1;161;Reservoir;Spring;15524
RO203-s2-D;RO203-s2-D;RO203;2;DNA;Shallow;1;2015;Spring;2015-06-11;50.85649;-63.14495;RO2;RE2-114-AE;RO2-03;RO2;1;162;Reservoir;Spring;15730
RO205-s2-D;RO205-s2-D;RO205;2;DNA;Shallow;1;2015;Spring;2015-06-13;50.88609;-63.22355;RO2;RE2-118-M;RO2-05;RO2;1;164;Reservoir;Spring;14290
RO206-s2-D;RO206-s2-D;RO206;2;DNA;Shallow;1;2015;Spring;2015-06-13;51.05861;-63.19688;RO2;RE2-147-AE;RO2-06;RO2;1;164;Reservoir;Spring;12918
RO207-s2-D;RO207-s2-D;RO207;2;DNA;Shallow;1;2015;Spring;2015-06-13;51.03348;-63.29688;RO2;RE2-143-AE;RO2-07;RO2;1;164;Reservoir;Spring;8446
RO208-s2-D;RO208-s2-D;RO208;2;DNA;Shallow;1;2015;Spring;2015-06-13;51.0619;-63.35868;RO2;RE2-147-M;RO2-08;RO2;1;164;Reservoir;Spring;15157
RO209-s2-D;RO209-s2-D;RO209;2;DNA;Shallow;1;2015;Spring;2015-06-13;50.93158;-63.35123;RO2;RE2-126-AW;RO2-09;RO2;1;164;Reservoir;Spring;13439
RO2100D;RO2100D;RO2100;1;DNA;Shallow;11;2017;Summer;2017-08-12;50.75975;-63.21184;RO2;NA;RO2-100;RO2;2;224;Reservoir;Summer;78171
RO2100R;RO2100R;RO2100;1;cDNA;Shallow;12;2017;Summer;2017-08-12;50.75975;-63.21184;RO2;NA;RO2-100;RO2;2;224;Reservoir;Summer;62986
RO2102D;RO2102D;RO2102;1;DNA;Shallow;11;2017;Summer;2017-08-14;50.9921498694019;-63.3060437297463;RO2;NA;RO2-102;RO2;2;226;Reservoir;Summer;46212
RO2102R;RO2102R;RO2102;1;cDNA;Shallow;12;2017;Summer;2017-08-14;50.9921498694019;-63.3060437297463;RO2;NA;RO2-102;RO2;2;226;Reservoir;Summer;81291
RO2104D;RO2104D;RO2104;1;DNA;Shallow;11;2017;Summer;2017-08-14;51.0889757822202;-63.3955844942646;RO2;NA;RO2-104;RO2;2;226;Reservoir;Summer;51614
RO2104R;RO2104R;RO2104;1;cDNA;Shallow;12;2017;Summer;2017-08-14;51.0889757822202;-63.3955844942646;RO2;NA;RO2-104;RO2;2;226;Reservoir;Summer;71961
RO2108D;RO2108D;RO2108;1;DNA;Shallow;11;2017;Summer;2017-08-15;50.8987372446898;-63.2472313117024;RO2;NA;RO2-108;RO2;2;227;Reservoir;Summer;36847
RO2108R;RO2108R;RO2108;1;cDNA;Shallow;12;2017;Summer;2017-08-15;50.8987372446898;-63.2472313117024;RO2;NA;RO2-108;RO2;2;227;Reservoir;Summer;75173
RO2110D;RO2110D;RO2110;1;DNA;Shallow;11;2017;Summer;2017-08-15;50.8226619704731;-63.1927175778933;RO2;NA;RO2-110;RO2;2;227;Reservoir;Summer;64873
RO2110R;RO2110R;RO2110;1;cDNA;Shallow;12;2017;Summer;2017-08-15;50.8226619704731;-63.1927175778933;RO2;NA;RO2-110;RO2;2;227;Reservoir;Summer;79856
RO2111.40m.D;RO2111.40m.D;RO2111.40m;1;DNA;Shallow;11;2017;Summer;2017-08-15;50.6568;-63.26298;Deep;NA;RO2-111_40m;RO2;2;227;Deep;Summer;61922
RO2111.40m.R;RO2111.40m.R;RO2111.40m;1;cDNA;Shallow;12;2017;Summer;2017-08-15;50.6568;-63.26298;Deep;NA;RO2-111_40m;RO2;2;227;Deep;Summer;41966
RO2111.90m.D;RO2111.90m.D;RO2111.90m;1;DNA;Shallow;11;2017;Summer;2017-08-15;50.6568;-63.26298;Deep;NA;RO2-111hypo;RO2;2;227;Deep;Summer;68957
RO2111.90m.R;RO2111.90m.R;RO2111.90m;1;cDNA;Shallow;12;2017;Summer;2017-08-15;50.6568;-63.26298;Deep;NA;RO2-111hypo;RO2;2;227;Deep;Summer;64003
RO2111D;RO2111D;RO2111;1;DNA;Shallow;11;2017;Summer;2017-08-15;50.6568;-63.26298;RO2;NA;RO2-111;RO2;2;227;Reservoir;Summer;90804
RO2111R;RO2111R;RO2111;1;cDNA;Shallow;12;2017;Summer;2017-08-15;50.6568;-63.26298;RO2;NA;RO2-111;RO2;2;227;Reservoir;Summer;73196
RO2113D;RO2113D;RO2113;1;DNA;Shallow;11;2017;Summer;2017-08-15;50.7168841284306;-63.2590529538016;RO2;NA;RO2-113;RO2;2;227;Reservoir;Summer;103876
RO2113R;RO2113R;RO2113;1;cDNA;Shallow;12;2017;Summer;2017-08-15;50.7168841284306;-63.2590529538016;RO2;NA;RO2-113;RO2;2;227;Reservoir;Summer;46928
RO2117D;RO2117D;RO2117;1;DNA;Shallow;11;2017;Autumn;2017-10-04;50.85482;-63.14435;RO2;NA;RO2-117;RO2;3;277;Reservoir;Autumn;56134
RO2117R;RO2117R;RO2117;1;cDNA;Shallow;12;2017;Autumn;2017-10-04;50.85482;-63.14435;RO2;NA;RO2-117;RO2;3;277;Reservoir;Autumn;64496
RO2118D;RO2118D;RO2118;1;DNA;Shallow;11;2017;Autumn;2017-10-04;50.84089;-63.18458;RO2;NA;RO2-118;RO2;3;277;Reservoir;Autumn;57652
RO2118R;RO2118R;RO2118;1;cDNA;Shallow;12;2017;Autumn;2017-10-04;50.84089;-63.18458;RO2;NA;RO2-118;RO2;3;277;Reservoir;Autumn;56669
RO2119D;RO2119D;RO2119;1;DNA;Shallow;11;2017;Autumn;2017-10-05;51.08891;-63.39541;RO2;NA;RO2-119;RO2;3;278;Reservoir;Autumn;52125
RO2119R;RO2119R;RO2119;1;cDNA;Shallow;12;2017;Autumn;2017-10-05;51.08891;-63.39541;RO2;NA;RO2-119;RO2;3;278;Reservoir;Autumn;59318
RO2120D;RO2120D;RO2120;1;DNA;Shallow;11;2017;Autumn;2017-10-09;50.73878;-63.2341;RO2;NA;RO2-120;RO2;3;282;Reservoir;Autumn;47272
RO2120R;RO2120R;RO2120;1;cDNA;Shallow;12;2017;Autumn;2017-10-09;50.73878;-63.2341;RO2;NA;RO2-120;RO2;3;282;Reservoir;Autumn;62809
RO2122D;RO2122D;RO2122;1;DNA;Shallow;11;2017;Autumn;2017-10-09;50.71616;-63.25925;RO2;NA;RO2-122;RO2;3;282;Reservoir;Autumn;63944
RO2122R;RO2122R;RO2122;1;cDNA;Shallow;12;2017;Autumn;2017-10-09;50.71616;-63.25925;RO2;NA;RO2-122;RO2;3;282;Reservoir;Autumn;53813
RO2124.Hypo.D;RO2124.Hypo.D;RO2124.Hypo;1;DNA;Shallow;11;2017;Autumn;2017-10-10;50.65741;-63.26254;Deep;NA;RO2-124hypo;RO2;3;283;Deep;Autumn;45908
RO2124.Hypo.R;RO2124.Hypo.R;RO2124.Hypo;1;cDNA;Shallow;12;2017;Autumn;2017-10-10;50.65741;-63.26254;Deep;NA;RO2-124hypo;RO2;3;283;Deep;Autumn;47237
RO2124D;RO2124D;RO2124;1;DNA;Shallow;11;2017;Autumn;2017-10-10;50.65741;-63.26254;RO2;NA;RO2-124;RO2;3;283;Reservoir;Autumn;43730
RO2124R;RO2124R;RO2124;1;cDNA;Shallow;12;2017;Autumn;2017-10-10;50.65741;-63.26254;RO2;NA;RO2-124;RO2;3;283;Reservoir;Autumn;64823
RO2126.9m.D;RO2126.9m.D;RO2126.9m;1;DNA;Shallow;11;2017;Autumn;2017-10-10;50.80048;-63.20448;Deep;NA;RO2-126_9m;RO2;3;283;Deep;Autumn;37242
RO2126.9m.R;RO2126.9m.R;RO2126.9m;1;cDNA;Shallow;12;2017;Autumn;2017-10-10;50.80048;-63.20448;Deep;NA;RO2-126_9m;RO2;3;283;Deep;Autumn;53614
RO2126.Hypo.D;RO2126.Hypo.D;RO2126.Hypo;1;DNA;Shallow;11;2017;Autumn;2017-10-10;50.80048;-63.20448;Deep;NA;RO2-126hypo;RO2;3;283;Deep;Autumn;41356
RO2126.Hypo.R;RO2126.Hypo.R;RO2126.Hypo;1;cDNA;Shallow;12;2017;Autumn;2017-10-10;50.80048;-63.20448;Deep;NA;RO2-126hypo;RO2;3;283;Deep;Autumn;70349
RO2126D;RO2126D;RO2126;1;DNA;Shallow;11;2017;Autumn;2017-10-10;50.80048;-63.20448;RO2;NA;RO2-126;RO2;3;283;Reservoir;Autumn;37968
RO2126R;RO2126R;RO2126;1;cDNA;Shallow;12;2017;Autumn;2017-10-10;50.80048;-63.20448;RO2;NA;RO2-126;RO2;3;283;Reservoir;Autumn;27328
RO213-s2-D;RO213-s2-D;RO213;2;DNA;Shallow;1;2015;Spring;2015-06-17;50.965944;-63.296111;RO2;RE2-130-M;RO2-13;RO2;1;168;Reservoir;Spring;16375
RO2132D;RO2132D;RO2132;1;DNA;Shallow;11;2017;Autumn;2017-10-10;50.90195;-63.25593;RO2;NA;RO2-132;RO2;3;283;Reservoir;Autumn;42916
RO2132R;RO2132R;RO2132;1;cDNA;Shallow;12;2017;Autumn;2017-10-10;50.90195;-63.25593;RO2;NA;RO2-132;RO2;3;283;Reservoir;Autumn;60257
RO216D;RO216D;RO216;1;DNA;Shallow;1;2015;Summer;2015-08-04;50.65478;-63.25952;RO2;RE2-087-MO;RO2-16;RO2;2;216;Reservoir;Summer;25127
RO219D;RO219D;RO219;1;DNA;Shallow;1;2015;Summer;2015-08-04;50.76554;-63.20193;RO2;RE2-103-M;RO2-19;RO2;2;216;Reservoir;Summer;23899
RO220D;RO220D;RO220;1;DNA;Shallow;1;2015;Summer;2015-08-06;51.08314;-63.38306;RO2;RE2-151-M;RO2-20;RO2;2;218;Reservoir;Summer;25433
RO221D;RO221D;RO221;1;DNA;Shallow;1;2015;Summer;2015-08-06;51.02922;-63.29194;RO2;RE2-143-AE;RO2-21;RO2;2;218;Reservoir;Summer;25221
RO222D;RO222D;RO222;1;DNA;Shallow;1;2015;Summer;2015-08-06;50.96213;-63.2999;RO2;RE2-130-M;RO2-22;RO2;2;218;Reservoir;Summer;27292
RO223D;RO223D;RO223;1;DNA;Shallow;1;2015;Summer;2015-08-06;50.93333;-63.34996;RO2;RE2-126-AW;RO2-23;RO2;2;218;Reservoir;Summer;25317
RO226D;RO226D;RO226;1;DNA;Shallow;1;2015;Summer;2015-08-07;51.05861;-63.19764;RO2;RE2-147-AE;RO2-26;RO2;2;219;Reservoir;Summer;25105
RO228D;RO228D;RO228;1;DNA;Shallow;1;2015;Summer;2015-08-07;50.86131;-63.15281;RO2;RE2-114-AE;RO2-28;RO2;2;219;Reservoir;Summer;18355
RO229D;RO229D;RO229;1;DNA;Shallow;1;2015;Summer;2015-08-07;50.83579;-63.19522;RO2;RE2-111-M;RO2-29;RO2;2;219;Reservoir;Summer;29635
RO230-t2-D;RO230-t2-D;RO230;2;DNA;Shallow;5;2016;Spring;2016-06-01;50.67471;-63.24033;RO2;NA;RO2-30;RO2;1;153;Reservoir;Spring;54460
RO230D;RO230D;RO230;1;DNA;Shallow;5;2016;Spring;2016-06-01;50.67471;-63.24033;RO2;NA;RO2-30;RO2;1;153;Reservoir;Spring;54036
RO230R;RO230R;RO230;1;cDNA;Shallow;6;2016;Spring;2016-06-01;50.67471;-63.24033;RO2;NA;RO2-30;RO2;1;153;Reservoir;Spring;42360
RO231D;RO231D;RO231;1;DNA;Shallow;6;2016;Spring;2016-06-01;50.66413;-63.26339;RO2;NA;RO2-31;RO2;1;153;Reservoir;Spring;105098
RO231R;RO231R;RO231;1;cDNA;Shallow;6;2016;Spring;2016-06-01;50.66413;-63.26339;RO2;NA;RO2-31;RO2;1;153;Reservoir;Spring;14932
RO232D;RO232D;RO232;1;DNA;Shallow;6;2016;Spring;2016-06-02;50.8887;-63.22811;RO2;NA;RO2-32;RO2;1;154;Reservoir;Spring;98027
RO232R;RO232R;RO232;1;cDNA;Shallow;7;2016;Spring;2016-06-02;50.8887;-63.22811;RO2;NA;RO2-32;RO2;1;154;Reservoir;Spring;100630
RO233D;RO233D;RO233;1;DNA;Shallow;6;2016;Spring;2016-06-02;50.85346;-63.14424;RO2;NA;RO2-33;RO2;1;154;Reservoir;Spring;101136
RO233R;RO233R;RO233;1;cDNA;Shallow;6;2016;Spring;2016-06-02;50.85346;-63.14424;RO2;NA;RO2-33;RO2;1;154;Reservoir;Spring;24240
RO234D;RO234D;RO234;1;DNA;Shallow;5;2016;Spring;2016-06-03;50.84412;-63.18341;RO2;NA;RO2-34;RO2;1;155;Reservoir;Spring;58683
RO234R;RO234R;RO234;1;cDNA;Shallow;6;2016;Spring;2016-06-03;50.84412;-63.18341;RO2;NA;RO2-34;RO2;1;155;Reservoir;Spring;38553
RO235D;RO235D;RO235;1;DNA;Shallow;5;2016;Spring;2016-06-03;50.79803;-63.2;RO2;NA;RO2-35;RO2;1;155;Reservoir;Spring;62190
RO235R;RO235R;RO235;1;cDNA;Shallow;7;2016;Spring;2016-06-03;50.79803;-63.2;RO2;NA;RO2-35;RO2;1;155;Reservoir;Spring;59937
RO236D;RO236D;RO236;1;DNA;Shallow;6;2016;Spring;2016-06-04;50.65737;-63.2671;RO2;NA;RO2-36;RO2;1;156;Reservoir;Spring;106060
RO236R;RO236R;RO236;1;cDNA;Shallow;6;2016;Spring;2016-06-04;50.65737;-63.2671;RO2;NA;RO2-36;RO2;1;156;Reservoir;Spring;48375
RO237D;RO237D;RO237;1;DNA;Shallow;6;2016;Spring;2016-06-04;50.74194;-63.23214;RO2;NA;RO2-37;RO2;1;156;Reservoir;Spring;103209
RO237R;RO237R;RO237;1;cDNA;Shallow;7;2016;Spring;2016-06-04;50.74194;-63.23214;RO2;NA;RO2-37;RO2;1;156;Reservoir;Spring;69250
RO238D;RO238D;RO238;1;DNA;Shallow;5;2016;Spring;2016-06-04;50.72093;-63.26571;RO2;NA;RO2-38;RO2;1;156;Reservoir;Spring;53211
RO238R;RO238R;RO238;1;cDNA;Shallow;6;2016;Spring;2016-06-04;50.72093;-63.26571;RO2;NA;RO2-38;RO2;1;156;Reservoir;Spring;35060
RO240D;RO240D;RO240;1;DNA;Shallow;5;2016;Spring;2016-06-10;51.08335;-63.38289;RO2;NA;RO2-40;RO2;1;162;Reservoir;Spring;59466
RO240R;RO240R;RO240;1;cDNA;Shallow;6;2016;Spring;2016-06-10;51.08335;-63.38289;RO2;NA;RO2-40;RO2;1;162;Reservoir;Spring;56722
RO241D;RO241D;RO241;1;DNA;Shallow;6;2016;Spring;2016-06-10;51.0348;-63.29682;RO2;NA;RO2-41;RO2;1;162;Reservoir;Spring;53813
RO241R;RO241R;RO241;1;cDNA;Shallow;6;2016;Spring;2016-06-10;51.0348;-63.29682;RO2;NA;RO2-41;RO2;1;162;Reservoir;Spring;62997
RO242D;RO242D;RO242;1;DNA;Shallow;6;2016;Spring;2016-06-10;51.05873;-63.19751;RO2;NA;RO2-42;RO2;1;162;Reservoir;Spring;55432
RO242R;RO242R;RO242;1;cDNA;Shallow;6;2016;Spring;2016-06-10;51.05873;-63.19751;RO2;NA;RO2-42;RO2;1;162;Reservoir;Spring;25718
RO243D;RO243D;RO243;1;DNA;Shallow;6;2016;Spring;2016-06-10;51.03102;-63.39302;RO2;NA;RO2-43;RO2;1;162;Reservoir;Spring;102593
RO243R;RO243R;RO243;1;cDNA;Shallow;6;2016;Spring;2016-06-10;51.03102;-63.39302;RO2;NA;RO2-43;RO2;1;162;Reservoir;Spring;82241
RO244D;RO244D;RO244;1;DNA;Shallow;6;2016;Spring;2016-06-10;50.96748;-63.2967;RO2;NA;RO2-44;RO2;1;162;Reservoir;Spring;76836
RO245D;RO245D;RO245;1;DNA;Shallow;6;2016;Spring;2016-06-12;50.94175;-63.34061;RO2;NA;RO2-45;RO2;1;164;Reservoir;Spring;60059
RO245R;RO245R;RO245;1;cDNA;Shallow;6;2016;Spring;2016-06-12;50.94175;-63.34061;RO2;NA;RO2-45;RO2;1;164;Reservoir;Spring;58317
RO246D;RO246D;RO246;1;DNA;Shallow;5;2016;Summer;2016-08-05;50.8881;-63.22749;RO2;NA;RO2-46;RO2;2;218;Reservoir;Summer;67438
RO246R;RO246R;RO246;1;cDNA;Shallow;7;2016;Summer;2016-08-05;50.8881;-63.22749;RO2;NA;RO2-46;RO2;2;218;Reservoir;Summer;55499
RO247D;RO247D;RO247;1;DNA;Shallow;5;2016;Summer;2016-08-05;50.85912;-63.1628;RO2;NA;RO2-47;RO2;2;218;Reservoir;Summer;67848
RO247R;RO247R;RO247;1;cDNA;Shallow;7;2016;Summer;2016-08-05;50.85912;-63.1628;RO2;NA;RO2-47;RO2;2;218;Reservoir;Summer;40274
RO248D;RO248D;RO248;1;DNA;Shallow;5;2016;Summer;2016-08-07;51.00187;-63.34712;RO2;NA;RO2-48;RO2;2;220;Reservoir;Summer;73975
RO248R;RO248R;RO248;1;cDNA;Shallow;7;2016;Summer;2016-08-07;51.00187;-63.34712;RO2;NA;RO2-48;RO2;2;220;Reservoir;Summer;40742
RO249D;RO249D;RO249;1;DNA;Shallow;5;2016;Summer;2016-08-07;51.02136;-63.30664;RO2;NA;RO2-49;RO2;2;220;Reservoir;Summer;63072
RO249R;RO249R;RO249;1;cDNA;Shallow;7;2016;Summer;2016-08-07;51.02136;-63.30664;RO2;NA;RO2-49;RO2;2;220;Reservoir;Summer;50814
RO250D;RO250D;RO250;1;DNA;Shallow;5;2016;Summer;2016-08-07;51.05091;-63.19594;RO2;NA;RO2-50;RO2;2;220;Reservoir;Summer;59217
RO250R;RO250R;RO250;1;cDNA;Shallow;7;2016;Summer;2016-08-07;51.05091;-63.19594;RO2;NA;RO2-50;RO2;2;220;Reservoir;Summer;45693
RO251D;RO251D;RO251;1;DNA;Shallow;5;2016;Summer;2016-08-07;51.01549;-63.25632;RO2;NA;RO2-51;RO2;2;220;Reservoir;Summer;49203
RO251R;RO251R;RO251;1;cDNA;Shallow;7;2016;Summer;2016-08-07;51.01549;-63.25632;RO2;NA;RO2-51;RO2;2;220;Reservoir;Summer;29822
RO252D;RO252D;RO252;1;DNA;Shallow;5;2016;Summer;2016-08-08;50.94286;-63.34372;RO2;NA;RO2-52;RO2;2;221;Reservoir;Summer;29313
RO252R;RO252R;RO252;1;cDNA;Shallow;7;2016;Summer;2016-08-08;50.94286;-63.34372;RO2;NA;RO2-52;RO2;2;221;Reservoir;Summer;63138
RO253D;RO253D;RO253;1;DNA;Shallow;5;2016;Summer;2016-08-08;50.95873;-63.30883;RO2;NA;RO2-53;RO2;2;221;Reservoir;Summer;62747
RO254R;RO254R;RO254;1;cDNA;Shallow;7;2016;Summer;2016-08-08;50.86029;-63.18496;RO2;NA;RO2-54;RO2;2;221;Reservoir;Summer;32944
RO255D;RO255D;RO255;1;DNA;Shallow;5;2016;Summer;2016-08-10;50.8422;-63.18331;RO2;NA;RO2-55;RO2;2;223;Reservoir;Summer;58075
RO255R;RO255R;RO255;1;cDNA;Shallow;7;2016;Summer;2016-08-10;50.8422;-63.18331;RO2;NA;RO2-55;RO2;2;223;Reservoir;Summer;53503
RO256D;RO256D;RO256;1;DNA;Shallow;5;2016;Summer;2016-08-10;50.7984;-63.20644;RO2;NA;RO2-56;RO2;2;223;Reservoir;Summer;52171
RO256R;RO256R;RO256;1;cDNA;Shallow;7;2016;Summer;2016-08-10;50.7984;-63.20644;RO2;NA;RO2-56;RO2;2;223;Reservoir;Summer;24087
RO257D;RO257D;RO257;1;DNA;Shallow;5;2016;Summer;2016-08-10;50.75955;-63.2112;RO2;NA;RO2-57;RO2;2;223;Reservoir;Summer;61354
RO257R;RO257R;RO257;1;cDNA;Shallow;7;2016;Summer;2016-08-10;50.75955;-63.2112;RO2;NA;RO2-57;RO2;2;223;Reservoir;Summer;64156
RO261D;RO261D;RO261;1;DNA;Shallow;5;2016;Summer;2016-08-13;50.6547;-63.26506;RO2;NA;RO2-61;RO2;2;226;Reservoir;Summer;55368
RO297D;RO297D;RO297;1;DNA;Shallow;11;2017;Summer;2017-08-11;50.82479;-63.17999;RO2;NA;RO2-97;RO2;2;223;Reservoir;Summer;41484
RO297R;RO297R;RO297;1;cDNA;Shallow;12;2017;Summer;2017-08-11;50.82479;-63.17999;RO2;NA;RO2-97;RO2;2;223;Reservoir;Summer;63378
RO298.7m.D;RO298.7m.D;RO298.7m;1;DNA;Shallow;11;2017;Summer;2017-08-11;50.80039;-63.20394;Deep;NA;RO2-98_7m;RO2;2;223;Deep;Summer;37961
RO298.7m.R;RO298.7m.R;RO298.7m;1;cDNA;Shallow;12;2017;Summer;2017-08-11;50.80039;-63.20394;Deep;NA;RO2-98_7m;RO2;2;223;Deep;Summer;124975
RO298D;RO298D;RO298;1;DNA;Shallow;11;2017;Summer;2017-08-11;50.80039;-63.20394;RO2;NA;RO2-98;RO2;2;223;Reservoir;Summer;82730
RO298R;RO298R;RO298;1;cDNA;Shallow;12;2017;Summer;2017-08-11;50.80039;-63.20394;RO2;NA;RO2-98;RO2;2;223;Reservoir;Summer;87315
RO301.Hypo.D;RO301.Hypo.D;RO301.Hypo;1;DNA;Shallow;11;2017;Summer;2017-08-10;51.3118994887173;-63.4259373158468;Deep;NA;RO3-01hypo;RO3;2;222;Deep;Summer;38793
RO301.Hypo.R;RO301.Hypo.R;RO301.Hypo;1;cDNA;Shallow;12;2017;Summer;2017-08-10;51.3118994887173;-63.4259373158468;Deep;NA;RO3-01hypo;RO3;2;222;Deep;Summer;51193
RO301D;RO301D;RO301;1;DNA;Shallow;11;2017;Summer;2017-08-10;51.3118994887173;-63.4259373158468;RO3;NA;RO3-01;RO3;2;222;Reservoir;Summer;65102
RO301R;RO301R;RO301;1;cDNA;Shallow;12;2017;Summer;2017-08-10;51.3118994887173;-63.4259373158468;RO3;NA;RO3-01;RO3;2;222;Reservoir;Summer;82804
RO304D;RO304D;RO304;1;DNA;Shallow;11;2017;Summer;2017-08-10;51.1896697037461;-63.3588511506079;RO3;NA;RO3-04;RO3;2;222;Reservoir;Summer;68788
RO304R;RO304R;RO304;1;cDNA;Shallow;12;2017;Summer;2017-08-10;51.1896697037461;-63.3588511506079;RO3;NA;RO3-04;RO3;2;222;Reservoir;Summer;56234
RO307D;RO307D;RO307;1;DNA;Shallow;11;2017;Summer;2017-08-11;51.2830197766487;-63.3743239739394;RO3;NA;RO3-07;RO3;2;223;Reservoir;Summer;96706
RO307R;RO307R;RO307;1;cDNA;Shallow;12;2017;Summer;2017-08-11;51.2830197766487;-63.3743239739394;RO3;NA;RO3-07;RO3;2;223;Reservoir;Summer;56410
RO312D;RO312D;RO312;1;DNA;Shallow;11;2017;Autumn;2017-10-06;51.32493;-63.46063;RO3;NA;RO3-12;RO3;3;279;Reservoir;Autumn;66416
RO312R;RO312R;RO312;1;cDNA;Shallow;12;2017;Autumn;2017-10-06;51.32493;-63.46063;RO3;NA;RO3-12;RO3;3;279;Reservoir;Autumn;75980
RO316D;RO316D;RO316;1;DNA;Shallow;11;2017;Autumn;2017-10-06;51.26332;-63.3294;RO3;NA;RO3-16;RO3;3;279;Reservoir;Autumn;72405
RO316R;RO316R;RO316;1;cDNA;Shallow;12;2017;Autumn;2017-10-06;51.26332;-63.3294;RO3;NA;RO3-16;RO3;3;279;Reservoir;Autumn;81480
RO317D;RO317D;RO317;1;DNA;Shallow;11;2017;Autumn;2017-10-07;51.14686;-63.40013;RO3;NA;RO3-17;RO3;3;280;Reservoir;Autumn;59064
RO317R;RO317R;RO317;1;cDNA;Shallow;12;2017;Autumn;2017-10-07;51.14686;-63.40013;RO3;NA;RO3-17;RO3;3;280;Reservoir;Autumn;72008
RO318.Hypo.D;RO318.Hypo.D;RO318.Hypo;1;DNA;Shallow;11;2017;Autumn;2017-10-09;51.143681;-63.39917;Deep;NA;RO3-18hypo;RO3;3;282;Deep;Autumn;71883
RO318.Hypo.R;RO318.Hypo.R;RO318.Hypo;1;cDNA;Shallow;12;2017;Autumn;2017-10-09;51.143681;-63.39917;Deep;NA;RO3-18hypo;RO3;3;282;Deep;Autumn;66074
RO318D;RO318D;RO318;1;DNA;Shallow;11;2017;Autumn;2017-10-09;51.143162;-63.40057;RO3;NA;RO3-18;RO3;3;282;Reservoir;Autumn;74336
RO318R;RO318R;RO318;1;cDNA;Shallow;12;2017;Autumn;2017-10-09;51.143162;-63.40057;RO3;NA;RO3-18;RO3;3;282;Reservoir;Autumn;62166
S33D;S33D;S33;1;DNA;Shallow;7;2016;Summer;2016-08-04;51.36618;-63.87583;Soil;NA;SW33;NA;2;217;Soil;Summer;41991
S33R;S33R;S33;1;cDNA;Shallow;7;2016;Summer;2016-08-04;51.36618;-63.87583;Soil;NA;SW33;NA;2;217;Soil;Summer;27463
S34D;S34D;S34;1;DNA;Shallow;7;2016;Summer;2016-08-04;51.36654;-63.87719;Soil;NA;SW34;NA;2;217;Soil;Summer;42323
S34R;S34R;S34;1;cDNA;Shallow;7;2016;Summer;2016-08-04;51.36654;-63.87719;Soil;NA;SW34;NA;2;217;Soil;Summer;9126
S35D;S35D;S35;1;DNA;Shallow;7;2016;Summer;2016-08-05;51.21284;-63.92261;Soil;NA;SW35;NA;2;218;Soil;Summer;55250
S35R;S35R;S35;1;cDNA;Shallow;7;2016;Summer;2016-08-05;51.21284;-63.92261;Soil;NA;SW35;NA;2;218;Soil;Summer;24249
S36D;S36D;S36;1;DNA;Shallow;7;2016;Summer;2016-08-05;51.2095;-63.92092;Soil;NA;SW36;NA;2;218;Soil;Summer;64334
S36R;S36R;S36;1;cDNA;Shallow;7;2016;Summer;2016-08-05;51.2095;-63.92092;Soil;NA;SW36;NA;2;218;Soil;Summer;45854
S37D;S37D;S37;1;DNA;Shallow;7;2016;Summer;2016-08-07;51.20212;-63.9233;Soil;NA;SW37;NA;2;220;Soil;Summer;71876
S37R;S37R;S37;1;cDNA;Shallow;7;2016;Summer;2016-08-07;51.20212;-63.9233;Soil;NA;SW37;NA;2;220;Soil;Summer;63498
S39D;S39D;S39;1;DNA;Shallow;7;2016;Summer;2016-08-07;51.18631;-63.93174;Soil;NA;SW39;NA;2;220;Soil;Summer;74811
S39R;S39R;S39;1;cDNA;Shallow;7;2016;Summer;2016-08-07;51.18631;-63.93174;Soil;NA;SW39;NA;2;220;Soil;Summer;48960
S40D;S40D;S40;1;DNA;Shallow;7;2016;Summer;2016-08-09;51.303572;-63.869197;Soil;NA;SW40;NA;2;222;Soil;Summer;59564
S40R;S40R;S40;1;cDNA;Shallow;7;2016;Summer;2016-08-09;51.303572;-63.869197;Soil;NA;SW40;NA;2;222;Soil;Summer;53846
S42D;S42D;S42;1;DNA;Shallow;7;2016;Summer;2016-08-10;51.30536;-63.8649;Soil;NA;SW42;NA;2;223;Soil;Summer;42776
S42R;S42R;S42;1;cDNA;Shallow;7;2016;Summer;2016-08-10;51.30536;-63.8649;Soil;NA;SW42;NA;2;223;Soil;Summer;43790
SED315-s2-D;SED315-s2-D;SED315;2;DNA;Shallow;1;2015;Spring;2015-06-17;51.18145;-63.89828;Sediment;NA;NA;NA;1;168;Sediment;Spring;13577
SED316-s2-D;SED316-s2-D;SED316;2;DNA;Shallow;1;2015;Spring;2015-06-17;51.18873;-63.90278;Sediment;NA;NA;NA;1;168;Sediment;Spring;4836
SED317-s2-D;SED317-s2-D;SED317;2;DNA;Shallow;1;2015;Spring;2015-06-17;51.18144;-63.92325;Sediment;NA;NA;NA;1;168;Sediment;Spring;14183
SED318-s2-D;SED318-s2-D;SED318;2;DNA;Shallow;1;2015;Spring;2015-06-17;50.22601;-63.91127;Sediment;NA;NA;NA;1;168;Sediment;Spring;3640
SED319-s2-D;SED319-s2-D;SED319;2;DNA;Shallow;1;2015;Spring;2015-06-17;50.21503;-63.89979;Sediment;NA;NA;NA;1;168;Sediment;Spring;2319
SEDL313-s2-D;SEDL313-s2-D;SEDL313;2;DNA;Shallow;1;2015;Spring;2015-06-16;51.18194;-63.92686;Sediment;NA;NA;NA;1;167;Sediment;Spring;11707
SEDL314-s2-D;SEDL314-s2-D;SEDL314;2;DNA;Shallow;1;2015;Spring;2015-06-17;51.17814;-63.92364;Sediment;NA;NA;NA;1;168;Sediment;Spring;14063
SEDL323D;SEDL323D;SEDL323;1;DNA;Shallow;1;2015;Summer;2015-08-07;51.18145;-63.92259;Sediment;NA;NA;NA;2;219;Sediment;Summer;8900
SEDL324D;SEDL324D;SEDL324;1;DNA;Shallow;1;2015;Summer;2015-08-07;51.18139;-63.89829;Sediment;NA;NA;NA;2;219;Sediment;Summer;7935
SEDL325D;SEDL325D;SEDL325;1;DNA;Shallow;1;2015;Summer;2015-08-07;51.17887;-63.92581;Sediment;NA;NA;NA;2;219;Sediment;Summer;7751
SEDL326D;SEDL326D;SEDL326;1;DNA;Shallow;1;2015;Summer;2015-08-07;51.18167;-63.92587;Sediment;NA;NA;NA;2;219;Sediment;Summer;6920
SEDL327D;SEDL327D;SEDL327;1;DNA;Shallow;1;2015;Summer;2015-08-07;51.18924;-63.90315;Sediment;NA;NA;NA;2;219;Sediment;Summer;9825
SEDLR10-s2-D;SEDLR10-s2-D;SEDLR10;2;DNA;Shallow;1;2015;Spring;2015-06-14;52.27356;-63.77532;Sediment;NA;NA;NA;1;165;Sediment;Spring;9750
SEDLR12-s2-D;SEDLR12-s2-D;SEDLR12;2;DNA;Shallow;1;2015;Spring;2015-06-14;52.35785;-64.00396;Sediment;NA;NA;NA;1;165;Sediment;Spring;11858
SEDLR14-s2-D;SEDLR14-s2-D;SEDLR14;2;DNA;Shallow;1;2015;Spring;2015-06-14;52.09031;-63.83427;Sediment;NA;NA;NA;1;165;Sediment;Spring;10690
SEDLR35D;SEDLR35D;SEDLR35;1;DNA;Shallow;1;2015;Summer;2015-08-09;52.35411;-63.99541;Sediment;NA;NA;NA;2;221;Sediment;Summer;10925
SEDLR36D;SEDLR36D;SEDLR36;1;DNA;Shallow;1;2015;Summer;2015-08-09;52.23624;-63.77818;Sediment;NA;NA;NA;2;221;Sediment;Summer;12552
SEDLR39D;SEDLR39D;SEDLR39;1;DNA;Shallow;1;2015;Summer;2015-08-09;52.08602;-63.83853;Sediment;NA;NA;NA;2;221;Sediment;Summer;14087
SL322D;SL322D;SL322;1;DNA;Shallow;1;2015;Summer;2015-08-04;50.21165;-63.91142;Soil;LI-02;SL322;L;2;216;Soil;Summer;11870
SL323D;SL323D;SL323;1;DNA;Shallow;1;2015;Summer;2015-08-07;51.18924;-63.90315;Soil;LPR-04;SL323;L;2;219;Soil;Summer;23859
SL325D;SL325D;SL325;1;DNA;Shallow;1;2015;Summer;2015-08-07;51.17887;-63.92581;Soil;LPR-02;SL325;L;2;219;Soil;Summer;19460
SL326D;SL326D;SL326;1;DNA;Shallow;1;2015;Summer;2015-08-07;51.18167;-63.92587;Soil;LPR-01;SL326;L;2;219;Soil;Summer;16538
SL327D;SL327D;SL327;1;DNA;Shallow;1;2015;Summer;2015-08-07;51.18145;-63.92259;Soil;LPS-05;SL327;L;2;219;Soil;Summer;28625
SLR01-s2-D;SLR01-s2-D;SLR01;2;DNA;Shallow;1;2015;Spring;2015-06-09;50.55314;-63.21136;Downriver;LR-01;SLR01;LR;1;160;River;Spring;13330
SLR02-s2-D;SLR02-s2-D;SLR02;2;DNA;Shallow;1;2015;Spring;2015-06-09;50.43434;-63.25355;Downriver;LR-02    ;SLR02;LR;1;160;River;Spring;19086
SLR04-s2-D;SLR04-s2-D;SLR04;2;DNA;Shallow;1;2015;Spring;2015-06-15;50.3795;-63.26425;Downriver;LR-04;SLR04;LR;1;166;River;Spring;15665
SPR01-s2-D;SPR01-s2-D;SPR01;2;DNA;Shallow;1;2015;Spring;2015-06-07;51.368157;-63.876955;Soil;PR-01A;SPR01;PR;1;158;Soil;Spring;16805
SPR02-s2-D;SPR02-s2-D;SPR02;2;DNA;Shallow;1;2015;Spring;2015-06-08;51.21028;-63.92063;Soil;PR-01B;SPR02;PR;1;159;Soil;Spring;16317
SPR03-s2-D;SPR03-s2-D;SPR03;2;DNA;Shallow;1;2015;Spring;2015-06-13;51.20287;-63.92476;Soil;PR-05A;SPR03;PR;1;164;Soil;Spring;18556
SPR04-s2-D;SPR04-s2-D;SPR04;2;DNA;Shallow;1;2015;Spring;2015-06-13;51.1863;-63.9319;Soil;PR-06A;SPR4;PR;1;164;Soil;Spring;20771
SPR05-s2-D;SPR05-s2-D;SPR05;2;DNA;Shallow;1;2015;Spring;2015-06-14;51.303572;-63.869197;Soil;PR-03A;SPR05;PR;1;165;Soil;Spring;12246
SPR06-s2-D;SPR06-s2-D;SPR06;2;DNA;Shallow;1;2015;Spring;2015-06-16;51.30408;-63.85239;Soil;PR-02A;SPR06;PR;1;167;Soil;Spring;18676
SPR07-s2-D;SPR07-s2-D;SPR07;2;DNA;Shallow;1;2015;Spring;2015-06-17;51.17814;-63.92364;Soil;LPR-02;SPR07;L;1;168;Soil;Spring;9714
SPR08-s2-D;SPR08-s2-D;SPR08;2;DNA;Shallow;1;2015;Spring;2015-06-17;51.18873;-63.90278;Soil;LPR-04;SPR08;L;1;168;Soil;Spring;16344
SPR09-s2-D;SPR09-s2-D;SPR09;2;DNA;Shallow;1;2015;Spring;2015-06-17;51.18144;-63.92325;Soil;LPR-05;SPR09;L;1;168;Soil;Spring;11006
SPR10-s2-D;SPR10-s2-D;SPR10;2;DNA;Shallow;1;2015;Spring;2015-06-17;50.22601;-63.91127;Soil;LI-01;SPR10;L;1;168;Soil;Spring;10324
SPR13D;SPR13D;SPR13;1;DNA;Shallow;1;2015;Summer;2015-08-02;51.36792;-63.87695;Soil;PR-01A;SPR13;PR;2;167;Soil;Summer;16551
SPR16D;SPR16D;SPR16;1;DNA;Shallow;1;2015;Summer;2015-08-03;51.30365;-63.86974;Soil;PR-03A;SPR16;PR;2;215;Soil;Summer;14427
SPR18D;SPR18D;SPR18;1;DNA;Shallow;1;2015;Summer;2015-08-04;51.30387;-63.85239;Soil;PR-02A;SPR18;PR;2;216;Soil;Summer;33052
SPR20D;SPR20D;SPR20;1;DNA;Shallow;1;2015;Summer;2015-08-05;51.20218;-63.92313;Soil;PR-05B;SPR20;PR;2;217;Soil;Summer;21793
SPR21D;SPR21D;SPR21;1;DNA;Shallow;1;2015;Summer;2015-08-06;51.21072;-63.92059;Soil;PR-04B;SPR21;PR;2;218;Soil;Summer;17755
SPR23D;SPR23D;SPR23;1;DNA;Shallow;1;2015;Summer;2015-08-07;51.1863;-63.9319;Soil;PR-06A;SPR23;PR;2;219;Soil;Summer;9799
ST21D;ST21D;ST21;1;DNA;Shallow;1;2015;Summer;2015-08-08;51.45175;-63.80902;Stream;TR-222.52;ST21;TR;2;220;Stream;Summer;20591
ST27D;ST27D;ST27;1;DNA;Shallow;1;2015;Summer;2015-08-09;50.91058;-63.24684;Stream;TR-121.10;ST27;TR;2;221;Stream;Summer;16536
SW24D;SW24D;SW24;1;DNA;Shallow;5;2016;Spring;2016-06-10;51.21285;-63.92264;Soilwater;NA;SW24;NA;1;162;Soilwater;Spring;50249
SW24R;SW24R;SW24;1;cDNA;Shallow;6;2016;Spring;2016-06-10;51.21285;-63.92264;Soilwater;NA;SW24;NA;1;162;Soilwater;Spring;45746
SW26D;SW26D;SW26;1;DNA;Shallow;5;2016;Spring;2016-06-11;51.36657;-63.87721;Soilwater;NA;SW26;NA;1;163;Soilwater;Spring;27158
SW26R;SW26R;SW26;1;cDNA;Shallow;6;2016;Spring;2016-06-11;51.36657;-63.87721;Soilwater;NA;SW26;NA;1;163;Soilwater;Spring;18231
SW27D;SW27D;SW27;1;DNA;Shallow;6;2016;Spring;2016-06-11;51.36616;-63.87573;Soilwater;NA;SW27;NA;1;163;Soilwater;Spring;36740
SW27R;SW27R;SW27;1;cDNA;Shallow;6;2016;Spring;2016-06-11;51.36616;-63.87573;Soilwater;NA;SW27;NA;1;163;Soilwater;Spring;11691
SW28D;SW28D;SW28;1;DNA;Shallow;6;2016;Spring;2016-06-12;51.20215;-63.92329;Soilwater;NA;SW28;NA;1;164;Soilwater;Spring;35488
SW28R;SW28R;SW28;1;cDNA;Shallow;6;2016;Spring;2016-06-12;51.20215;-63.92329;Soilwater;NA;SW28;NA;1;164;Soilwater;Spring;62500
SW30D;SW30D;SW30;1;DNA;Shallow;6;2016;Spring;2016-06-12;51.18623;-63.93188;Soilwater;NA;SW30;NA;1;164;Soilwater;Spring;46869
SW30R;SW30R;SW30;1;cDNA;Shallow;6;2016;Spring;2016-06-12;51.18623;-63.93188;Soilwater;NA;SW30;NA;1;164;Soilwater;Spring;38251
SW31D;SW31D;SW31;1;DNA;Shallow;6;2016;Spring;2016-06-15;51.30344;-63.86294;Soilwater;NA;SW31;NA;1;167;Soilwater;Spring;23459
SW31R;SW31R;SW31;1;cDNA;Shallow;7;2016;Spring;2016-06-15;51.30344;-63.86294;Soilwater;NA;SW31;NA;1;167;Soilwater;Spring;53040
SW33D;SW33D;SW33;1;DNA;Shallow;5;2016;Summer;2016-08-04;51.36618;-63.87583;Soilwater;NA;SW33;NA;2;217;Soilwater;Summer;34838
SW33R;SW33R;SW33;1;cDNA;Shallow;7;2016;Summer;2016-08-04;51.36618;-63.87583;Soilwater;NA;SW33;NA;2;217;Soilwater;Summer;35975
SW34D;SW34D;SW34;1;DNA;Shallow;5;2016;Summer;2016-08-04;51.36654;-63.87719;Soilwater;NA;SW34;NA;2;217;Soilwater;Summer;19527
SW34R;SW34R;SW34;1;cDNA;Shallow;7;2016;Summer;2016-08-04;51.36654;-63.87719;Soilwater;NA;SW34;NA;2;217;Soilwater;Summer;37794
SW35D;SW35D;SW35;1;DNA;Shallow;5;2016;Summer;2016-08-05;51.21284;-63.92261;Soilwater;NA;SW35;NA;2;218;Soilwater;Summer;33759
SW35R;SW35R;SW35;1;cDNA;Shallow;7;2016;Summer;2016-08-05;51.21284;-63.92261;Soilwater;NA;SW35;NA;2;218;Soilwater;Summer;43396
SW36D;SW36D;SW36;1;DNA;Shallow;5;2016;Summer;2016-08-05;51.2095;-63.92092;Soilwater;NA;SW36;NA;2;218;Soilwater;Summer;34402
SW36R;SW36R;SW36;1;cDNA;Shallow;7;2016;Summer;2016-08-05;51.2095;-63.92092;Soilwater;NA;SW36;NA;2;218;Soilwater;Summer;30359
SW37D;SW37D;SW37;1;DNA;Shallow;5;2016;Summer;2016-08-07;51.20212;-63.9233;Soilwater;NA;SW37;NA;2;220;Soilwater;Summer;23718
SW39D;SW39D;SW39;1;DNA;Shallow;5;2016;Summer;2016-08-07;51.18631;-63.93174;Soilwater;NA;SW39;NA;2;220;Soilwater;Summer;20504
SW40D;SW40D;SW40;1;DNA;Shallow;5;2016;Summer;2016-08-09;51.303572;-63.869197;Soilwater;NA;SW40;NA;2;222;Soilwater;Summer;37375
SW40R;SW40R;SW40;1;cDNA;Shallow;7;2016;Summer;2016-08-09;51.303572;-63.869197;Soilwater;NA;SW40;NA;2;222;Soilwater;Summer;24733
SW42D;SW42D;SW42;1;DNA;Shallow;5;2016;Summer;2016-08-10;51.30536;-63.8649;Soilwater;NA;SW42;NA;2;223;Soilwater;Summer;43346
SW42R;SW42R;SW42;1;cDNA;Shallow;7;2016;Summer;2016-08-10;51.30536;-63.8649;Soilwater;NA;SW42;NA;2;223;Soilwater;Summer;37126
SW43D;SW43D;SW43;1;DNA;Shallow;5;2016;Summer;2016-08-10;51.30408;-63.85194;Soilwater;NA;SW43;NA;2;223;Soilwater;Summer;37235
SW43R;SW43R;SW43;1;cDNA;Shallow;7;2016;Summer;2016-08-10;51.30408;-63.85194;Soilwater;NA;SW43;NA;2;223;Soilwater;Summer;33429
SWL322D;SWL322D;SWL322;1;DNA;Shallow;1;2015;Summer;2015-08-04;50.21165;-63.91142;Soilwater;LI-02;SWL322;L;2;216;Soilwater;Summer;12193
SWL323D;SWL323D;SWL323;1;DNA;Shallow;1;2015;Summer;2015-08-07;51.18924;-63.90315;Soilwater;LPR-04;SWL323;L;2;219;Soilwater;Summer;17485
SWL325D;SWL325D;SWL325;1;DNA;Shallow;1;2015;Summer;2015-08-07;51.17887;-63.92581;Soilwater;LPR-02;SWL325;L;2;219;Soilwater;Summer;22553
SWL326D;SWL326D;SWL326;1;DNA;Shallow;1;2015;Summer;2015-08-07;51.18167;-63.92587;Soilwater;LPR-01;SWL326;L;2;219;Soilwater;Summer;12980
SWL327D;SWL327D;SWL327;1;DNA;Shallow;1;2015;Summer;2015-08-07;51.18145;-63.92259;Soilwater;LPS-05;SWL327;L;2;219;Soilwater;Summer;28732
SWLR01-s2-D;SWLR01-s2-D;SWLR01;2;DNA;Shallow;1;2015;Spring;2015-06-09;50.55314;-63.21136;Downriver;LR-01    ;SWLR01    ;LR;1;160;River;Spring;12777
SWLR02-s2-D;SWLR02-s2-D;SWLR02;2;DNA;Shallow;1;2015;Spring;2015-06-09;50.43434;-63.25355;Downriver;LR-02    ;SWLR02    ;LR;1;160;River;Spring;11245
SWLR03-s2-D;SWLR03-s2-D;SWLR03;2;DNA;Shallow;1;2015;Spring;2015-06-09;50.43434;-63.25355;Downriver;LR-02    ;SWLR03    ;LR;1;160;River;Spring;12737
SWLR04-s2-D;SWLR04-s2-D;SWLR04;2;DNA;Shallow;1;2015;Spring;2015-06-15;50.3795;-63.26425;Downriver;LR-04    ;SWLR04    ;LR;1;166;River;Spring;12083
SWPR01-s2-D;SWPR01-s2-D;SWPR01;2;DNA;Shallow;1;2015;Spring;2015-06-07;51.368157;-63.876955;Soilwater;PR-01A;SWPR01    ;PR;1;158;Soilwater;Spring;17805
SWPR02-s2-D;SWPR02-s2-D;SWPR02;2;DNA;Shallow;1;2015;Spring;2015-06-08;51.21028;-63.92063;Soilwater;PR-01B;SWPR02.1    ;PR;1;159;Soilwater;Spring;7761
SWPR03-s2-D;SWPR03-s2-D;SWPR03;2;DNA;Shallow;1;2015;Spring;2015-06-13;51.20287;-63.92476;Soilwater;PR-05A;SWPR03    ;PR;1;164;Soilwater;Spring;9452
SWPR04-s2-D;SWPR04-s2-D;SWPR04;2;DNA;Shallow;1;2015;Spring;2015-06-13;51.1863;-63.9319;Soilwater;PR-06A;SWPR04    ;PR;1;164;Soilwater;Spring;16301
SWPR05-s2-D;SWPR05-s2-D;SWPR05;2;DNA;Shallow;1;2015;Spring;2015-06-14;51.303572;-63.869197;Soilwater;PR-03A;SWPR05;PR;1;165;Soilwater;Spring;14226
SWPR06-s2-D;SWPR06-s2-D;SWPR06;2;DNA;Shallow;1;2015;Spring;2015-06-16;51.30408;-63.85239;Soilwater;PR-02A;SWPR06    ;PR;1;167;Soilwater;Spring;13150
SWPR07-s2-D;SWPR07-s2-D;SWPR07;2;DNA;Shallow;1;2015;Spring;2015-06-17;51.17814;-63.92364;Soilwater;LPR-02;SWPR07    ;L;1;168;Soilwater;Spring;25429
SWPR08-s2-D;SWPR08-s2-D;SWPR08;2;DNA;Shallow;1;2015;Spring;2015-06-17;51.18873;-63.90278;Soilwater;LPR-04;SWPR08    ;L;1;168;Soilwater;Spring;14515
SWPR09-s2-D;SWPR09-s2-D;SWPR09;2;DNA;Shallow;1;2015;Spring;2015-06-17;51.18144;-63.92325;Soilwater;LPR-05;SWPR09    ;L;1;168;Soilwater;Spring;15225
SWPR10-s2-D;SWPR10-s2-D;SWPR10;2;DNA;Shallow;1;2015;Spring;2015-06-17;50.22601;-63.91127;Soilwater;LI-01;SWPR10    ;L;1;168;Soilwater;Spring;9919
SWPR13D;SWPR13D;SWPR13;1;DNA;Shallow;1;2015;Summer;2015-08-02;51.36792;-63.87695;Soilwater;PR-01A;SWPR13;PR;2;167;Soilwater;Summer;21257
SWPR16D;SWPR16D;SWPR16;1;DNA;Shallow;1;2015;Summer;2015-08-03;51.30365;-63.86974;Soilwater;PR-03A;SWPR16;PR;2;215;Soilwater;Summer;12542
SWPR18D;SWPR18D;SWPR18;1;DNA;Shallow;1;2015;Summer;2015-08-04;51.30387;-63.85239;Soilwater;PR-02A;SWPR18;PR;2;216;Soilwater;Summer;22023
SWPR20D;SWPR20D;SWPR20;1;DNA;Shallow;1;2015;Summer;2015-08-05;51.20218;-63.92313;Soilwater;PR-05B;SWPR20;PR;2;217;Soilwater;Summer;19566
SWPR21D;SWPR21D;SWPR21;1;DNA;Shallow;1;2015;Summer;2015-08-06;51.21072;-63.92059;Soilwater;PR-04B;SWPR21;PR;2;218;Soilwater;Summer;13075
SWPR23D;SWPR23D;SWPR23;1;DNA;Shallow;1;2015;Summer;2015-08-07;51.1863;-63.9319;Soilwater;PR-06A;SWPR23;PR;2;219;Soilwater;Summer;21999
SWT21D;SWT21D;SWT21;1;DNA;Shallow;1;2015;Summer;2015-08-08;51.45175;-63.80902;Soilwater;TR-222.52;SWT21;TR;2;220;Soilwater;Summer;19735
SWT25D;SWT25D;SWT25;1;DNA;Shallow;1;2015;Summer;2015-08-08;51.61302;-63.67693;Soilwater;TR-244.64;SWT25;TR;2;220;Soilwater;Summer;28633
SWT27D;SWT27D;SWT27;1;DNA;Shallow;1;2015;Summer;2015-08-09;50.91058;-63.24684;Soilwater;TR-121.10;SWT27;TR;2;221;Soilwater;Summer;6234
SWT29D;SWT29D;SWT29;1;DNA;Shallow;1;2015;Summer;2015-08-10;51.33701;-63.61772;Soilwater;TR-198.10;SWT29;TR;2;222;Soilwater;Summer;17632
T27D;T27D;T27;1;DNA;Shallow;1;2015;Summer;2015-08-09;50.91047;-63.24681;Tributary;TR-121.10;T27;TR;2;221;Tributary;Summer;28934
T37D;T37D;T37;1;DNA;Shallow;1;2015;Summer;2015-08-13;50.37239;-63.26387;Tributary;TR-049.69;T37;TR;2;225;Tributary;Summer;16332
T38D;T38D;T38;1;DNA;Shallow;1;2015;Summer;2015-08-13;50.56943;-63.19675;Tributary;TR-075.58;T38;TR;2;225;Tributary;Summer;15114
T47D;T47D;T47;1;DNA;Shallow;6;2016;Spring;2016-06-14;50.3108;-63.66121;Tributary;NA;T47;TR;1;166;Tributary;Spring;107623
T47R;T47R;T47;1;cDNA;Shallow;7;2016;Spring;2016-06-14;50.3108;-63.66121;Tributary;NA;T47;TR;1;166;Tributary;Spring;17588
T48D;T48D;T48;1;DNA;Shallow;6;2016;Spring;2016-06-14;50.32102;-63.720285;Tributary;NA;T48;TR;1;166;Tributary;Spring;41689
T48R;T48R;T48;1;cDNA;Shallow;7;2016;Spring;2016-06-14;50.32102;-63.720285;Tributary;NA;T48;TR;1;166;Tributary;Spring;83557
THW1D;THW1D;THW1;1;DNA;Shallow;6;2016;Spring;NA;NA;NA;Unknown;NA;NA;NA;1;NA;NA;Spring;51447
TR49-t2-D;TR49-t2-D;TR49;2;DNA;Shallow;6;2016;Summer;2016-08-15;50.42857;-63.21352;Tributary;NA;T49_C2;TR;2;228;Tributary;Summer;28188
TR49D;TR49D;TR49;1;DNA;Shallow;5;2016;Summer;2016-08-15;50.42857;-63.21352;Tributary;NA;T49_C2;TR;2;228;Tributary;Summer;44294
TR49R;TR49R;TR49;1;cDNA;Shallow;7;2016;Summer;2016-08-15;50.42857;-63.21352;Tributary;NA;T49_C2;TR;2;228;Tributary;Summer;43733
TR56D;TR56D;TR56;1;DNA;Shallow;11;2017;Summer;2017-08-18;50.31016;-63.66162;Tributary;NA;T56;LR;2;230;Tributary;Summer;99350
TR56R;TR56R;TR56;1;cDNA;Shallow;12;2017;Summer;2017-08-18;50.31016;-63.66162;Tributary;NA;T56;LR;2;230;Tributary;Summer;90387
TR57D;TR57D;TR57;1;DNA;Shallow;11;2017;Autumn;2017-10-06;50.31023;-63.66136;Tributary;NA;T57;TR;3;279;Tributary;Autumn;76087
TR57R;TR57R;TR57;1;cDNA;Shallow;12;2017;Autumn;2017-10-06;50.31023;-63.66136;Tributary;NA;T57;TR;3;279;Tributary;Autumn;57698
WELL1-s2-D;WELL1-s2-D;WELL1;2;DNA;Shallow;1;2015;Spring;2015-06-18;50.58879;-63.18764;Wellwater;WELL-01;WELL1;LR;1;169;Wellwater;Spring;10403
WELL2-s2-D;WELL2-s2-D;WELL2;2;DNA;Shallow;1;2015;Spring;2015-06-18;50.62034;-63.1893;Wellwater;WELL-02;WELL2;LR;1;169;Wellwater;Spring;19720
WELL3-s2-D;WELL3-s2-D;WELL3;2;DNA;Shallow;1;2015;Spring;2015-06-18;50.37795;-63.26105;Wellwater;WELL-03;WELL3;LR;1;169;Wellwater;Spring;5437
WELL4-s2-D;WELL4-s2-D;WELL4;2;DNA;Shallow;1;2015;Spring;2015-06-18;50.38432;-63.25247;Wellwater;WELL-04;WELL4;LR;1;169;Wellwater;Spring;19981
